y_true,y_pred
-4.739999771118164,-4.084049224853516
-4.5,-3.6002378463745117
-5.019999980926514,-4.898600101470947
-5.820000171661377,-4.640134811401367
-5.210000038146973,-4.432368278503418
-3.640000104904175,-2.2717843055725098
-7.659999847412109,-7.584546089172363
-8.699999809265137,-7.281116008758545
-2.7200000286102295,-2.4478273391723633
-1.7999999523162842,-2.260049343109131
-1.2699999809265137,-3.1090807914733887
-4.079999923706055,-5.173954963684082
-3.0199999809265137,-2.066094398498535
-3.6700000762939453,-1.911896824836731
-5.869999885559082,-5.005377769470215
-4.199999809265137,-2.9466452598571777
-6.210000038146973,-5.063023567199707
-4.0,-2.57650089263916
-3.2100000381469727,-2.7319769859313965
-3.880000114440918,-4.713106155395508
-4.420000076293945,-3.490111827850342
-1.5700000524520874,-1.889008641242981
-2.9200000762939453,-2.639359474182129
-2.430000066757202,-2.0602221488952637
-4.199999809265137,-2.6796207427978516
-7.039999961853027,-5.048773765563965
-3.359999895095825,-2.4559855461120605
-4.659999847412109,-5.895907878875732
-2.880000114440918,-1.8155478239059448
-5.429999828338623,-5.967139720916748
-5.269999980926514,-6.003800868988037
-3.819999933242798,-2.1884098052978516
-1.350000023841858,-2.0701911449432373
-4.429999828338623,-3.3269333839416504
-2.0,-3.3963441848754883
-3.390000104904175,-4.910912990570068
-4.690000057220459,-5.667529106140137
-4.090000152587891,-2.8368496894836426
-2.25,-1.909235954284668
-3.490000009536743,-1.9535995721817017
-3.549999952316284,-2.269571304321289
-2.3499999046325684,-1.7445330619812012
-2.5899999141693115,-2.2194862365722656
-5.510000228881836,-5.629927635192871
-4.050000190734863,-3.2464308738708496
-3.8499999046325684,-3.530183792114258
-3.700000047683716,-2.6463303565979004
-2.4600000381469727,-1.6720627546310425
-2.9700000286102295,-2.232740879058838
-3.140000104904175,-2.733895778656006
-5.199999809265137,-2.770456314086914
-4.699999809265137,-2.7557926177978516
-6.309999942779541,-7.623955249786377
-5.800000190734863,-2.07888126373291
-4.590000152587891,-2.0319931507110596
-3.0,-2.6670827865600586
-2.9800000190734863,-1.8922075033187866
-3.4600000381469727,-2.314316749572754
-3.0999999046325684,-3.5416646003723145
-3.059999942779541,-1.791528582572937
-1.659999966621399,-1.7466020584106445
-1.8899999856948853,-1.713582158088684
-0.3799999952316284,-1.5726765394210815
-2.3213000297546387,-3.719071388244629
-2.3787999153137207,-1.6539990901947021
-4.611000061035156,-3.9259185791015625
-1.9515000581741333,-1.4358561038970947
-3.216900110244751,-1.965621829032898
-1.271399974822998,-1.1082966327667236
-2.640000104904175,-2.2945709228515625
-0.066600002348423,-0.7556502819061279
0.22139999270439148,0.3849252462387085
-5.845699787139893,-4.6506781578063965
-5.945000171661377,-3.7496161460876465
-6.013999938964844,-4.710936546325684
-0.2224999964237213,-0.7920753359794617
0.4348999857902527,-0.7938632369041443
-1.156000018119812,-0.5173850059509277
-1.6668000221252441,-2.6494107246398926
-4.44350004196167,-5.129711627960205
-2.6816999912261963,-2.3934853076934814
-6.894599914550781,-5.540457725524902
-5.400199890136719,-3.5096516609191895
-3.3573999404907227,-4.105469703674316
-2.6805999279022217,-2.6749420166015625
-1.537600040435791,-0.6871230006217957
-1.4206000566482544,-0.9336912631988525
-3.3304998874664307,-3.956875801086426
-3.5713999271392822,-2.737914562225342
-0.8147000074386597,-1.0106382369995117
-0.708299994468689,0.6097623109817505
-1.1548000574111938,-1.8253989219665527
-2.155400037765503,-1.5943090915679932
-2.172100067138672,-1.8568012714385986
-7.732999801635742,-5.964572906494141
-8.43179988861084,-7.877434730529785
-6.744699954986572,-6.435404300689697
-8.240500450134277,-7.703198432922363
-3.975600004196167,-5.67079496383667
-9.02649974822998,-8.839658737182617
-5.098100185394287,-5.1654052734375
-8.667900085449219,-7.842832088470459
-5.18209981918335,-4.466188907623291
-6.678199768066406,-3.823397159576416
-4.429200172424316,-4.967270374298096
-3.8929998874664307,-2.8782663345336914
-3.8120999336242676,-3.642577648162842
-4.7631001472473145,-4.9857177734375
-2.622299909591675,-1.7408734560012817
-6.3942999839782715,-3.393705368041992
-5.575399875640869,-3.837597370147705
-4.270999908447266,-4.11314582824707
-4.827600002288818,-3.9426627159118652
-6.8572998046875,-5.019819259643555
-5.139500141143799,-2.761801242828369
-3.3680999279022217,-3.116703987121582
0.4000000059604645,-3.1963939666748047
-4.27269983291626,-3.802445411682129
-4.185299873352051,-2.4990882873535156
-5.146699905395508,-2.817739963531494
-6.424300193786621,-5.212626934051514
-2.874500036239624,-0.9157031774520874
-3.1498000621795654,-1.7311806678771973
-6.143899917602539,-4.898770332336426
-2.606600046157837,-3.042520523071289
-5.030300140380859,-4.769233226776123
-5.10860013961792,-4.3302412033081055
-5.66349983215332,-4.241545677185059
-4.148099899291992,-2.5619215965270996
-5.200200080871582,-4.1830010414123535
-5.676799774169922,-3.758953094482422
-3.877500057220459,-3.7203540802001953
-2.542099952697754,-2.203510284423828
-6.226399898529053,-3.8748302459716797
-3.8696999549865723,-3.8927507400512695
-7.460400104522705,-4.854207992553711
-2.847399950027466,-1.7382540702819824
-3.1041998863220215,-2.8615589141845703
-3.7248001098632812,-3.136776924133301
-3.931999921798706,-3.47269344329834
-5.240900039672852,-4.066019535064697
-8.611300468444824,-5.057496547698975
-5.296599864959717,-4.603964328765869
-2.891900062561035,-2.70701265335083
-3.2994000911712646,-3.163343906402588
-1.458899974822998,-2.334624767303467
-3.978800058364868,-3.2964582443237305
-4.468900203704834,-3.7362098693847656
-7.482999801635742,-5.350209712982178
-3.3189001083374023,-4.167455673217773
-1.9850000143051147,-1.094283103942871
-1.108299970626831,-1.6395937204360962
-0.9089000225067139,-1.0924839973449707
-3.6391000747680664,-4.70751428604126
-4.592199802398682,-4.370467662811279
-6.350800037384033,-5.682352066040039
-7.403299808502197,-5.773172855377197
-5.384200096130371,-5.1307573318481445
-3.7664999961853027,-3.165648937225342
-7.00570011138916,-5.185141086578369
-6.896900177001953,-4.881815433502197
-3.5339999198913574,-2.87288761138916
-6.626200199127197,-6.518106937408447
-5.3694000244140625,-4.779771327972412
-5.529900074005127,-3.9928770065307617
-3.799799919128418,-2.2405619621276855
-2.3382999897003174,-3.1895523071289062
-1.9129999876022339,-1.66181218624115
-1.8631999492645264,-1.3865859508514404
-3.3650999069213867,-3.1845569610595703
-4.693699836730957,-3.3190054893493652
-4.597099781036377,-2.625711441040039
-4.872700214385986,-3.652268886566162
-3.532099962234497,-4.569453716278076
-5.808499813079834,-4.2623066902160645
-3.944200038909912,-3.3835372924804688
-0.9624000191688538,-1.105570673942566
-2.6877999305725098,-3.4574337005615234
-8.0024995803833,-6.6652350425720215
-5.530700206756592,-3.8039188385009766
-2.734499931335449,-3.978780746459961
-3.802799940109253,-3.1875362396240234
-4.325099945068359,-4.279743194580078
-1.142799973487854,-1.529897928237915
-4.04449987411499,-4.189075469970703
-7.915999889373779,-5.997515678405762
-2.8101999759674072,-2.4103474617004395
-2.6470999717712402,-1.7662159204483032
-1.1169999837875366,-0.8617416620254517
-0.8442999720573425,0.035755932331085205
-6.724299907684326,-6.745441913604736
-4.787399768829346,-3.4979114532470703
-5.537499904632568,-3.993037223815918
-3.1630001068115234,-3.493494987487793
-4.11959981918335,-3.1330819129943848
-2.105299949645996,-1.0804340839385986
-4.438399791717529,-3.34384822845459
-3.2855000495910645,-2.240464687347412
-1.3967000246047974,-1.6492894887924194
-8.402999877929688,-4.678260803222656
-1.6365000009536743,-2.5278515815734863
-1.618399977684021,-2.582167625427246
-3.706399917602539,-2.019127368927002
-5.402500152587891,-5.3802995681762695
-1.8773000240325928,-1.9856889247894287
-1.659999966621399,-1.1853981018066406
-2.892699956893921,-2.6672492027282715
-4.82919979095459,-3.870143413543701
-5.589399814605713,-5.184661388397217
-4.009699821472168,-3.983304023742676
0.5860000252723694,0.6896628141403198
-2.9739999771118164,-2.1708645820617676
-5.571199893951416,-5.2207112312316895
-0.883400022983551,-2.255507469177246
-2.874000072479248,-1.4787368774414062
-6.690000057220459,-3.3626556396484375
-3.730600118637085,-3.9343652725219727
-2.0729000568389893,-3.6982016563415527
-2.050600051879883,-1.7800415754318237
-1.9781999588012695,-1.601493239402771
-0.19709999859333038,-0.5084006786346436
-2.0655999183654785,-1.5080262422561646
0.30320000648498535,-0.431718111038208
-3.448199987411499,-2.6390514373779297
-0.23549999296665192,-0.6921333074569702
-4.375699996948242,-3.12565279006958
-4.158599853515625,-3.4931697845458984
-6.848499774932861,-6.154045104980469
-5.46750020980835,-5.150230407714844
-4.800300121307373,-6.389561176300049
-1.6978000402450562,-1.1025148630142212
-0.19820000231266022,-2.0195178985595703
-1.9631999731063843,-1.633858561515808
-6.677999973297119,-6.213316440582275
-0.6340000033378601,-1.7367147207260132
-3.9433000087738037,-4.136621475219727
-4.083700180053711,-3.953521251678467
-6.0524001121521,-6.132723808288574
-2.5803000926971436,-2.2415220737457275
-3.1726999282836914,-2.5592994689941406
-4.940800189971924,-4.586772441864014
-3.382499933242798,-2.431549072265625
-3.4791998863220215,-1.6454066038131714
-2.6301000118255615,-3.7251296043395996
-6.5406999588012695,-6.250189304351807
-0.9800999760627747,-1.4114160537719727
-3.1765999794006348,-3.2230777740478516
-3.3036999702453613,-2.7577767372131348
-2.9844000339508057,-4.234486103057861
-0.45980000495910645,-1.367154598236084
-0.6834999918937683,-2.944305896759033
-1.7618000507354736,-3.606048583984375
-2.2435998916625977,-1.9595458507537842
-4.446100234985352,-3.37661075592041
-5.217199802398682,-4.258618354797363
-0.5450000166893005,-0.6896420121192932
-0.9248999953269958,-0.8811632394790649
-0.5910999774932861,-1.4429341554641724
-2.5813000202178955,-1.8919349908828735
-4.964399814605713,-3.254446029663086
-2.4904000759124756,-1.9316011667251587
-5.760000228881836,-1.990074634552002
-1.0938999652862549,-1.2575417757034302
-3.7829999923706055,-3.1403326988220215
-1.6576000452041626,-1.1307237148284912
-0.8213000297546387,-1.1709903478622437
-3.301500082015991,-3.3668746948242188
-2.9804000854492188,-1.9326483011245728
-1.968999981880188,-2.7363877296447754
-4.460299968719482,-5.6572699546813965
-4.69350004196167,-0.6217208504676819
-4.945300102233887,-5.344234943389893
-13.171899795532227,-9.480080604553223
-4.94890022277832,-4.831930160522461
0.1956000030040741,-4.594166278839111
-1.5140999555587769,-1.9674569368362427
-6.663700103759766,-5.223460674285889
-2.977099895477295,-1.7708631753921509
-1.940000057220459,-2.89508056640625
-2.595900058746338,-3.58571720123291
-3.876199960708618,-1.2243870496749878
-3.4428000450134277,-3.612010955810547
-2.319000005722046,-2.6371397972106934
-5.091700077056885,-4.723038673400879
-2.625999927520752,-1.2550081014633179
-7.2006001472473145,-9.60740852355957
-2.1424999237060547,-1.9696792364120483
-1.5706000328063965,-1.3162918090820312
-2.103100061416626,-1.7521952390670776
-2.919600009918213,-3.9778265953063965
-3.90310001373291,-4.479506969451904
-6.009200096130371,-6.9682297706604
-2.1666998863220215,-2.0098395347595215
-1.073699951171875,-0.5369454026222229
-2.4326000213623047,-3.5027527809143066
-4.863800048828125,-4.686181545257568
-2.8125998973846436,0.4362344741821289
-3.3062000274658203,-3.439568519592285
-1.3278000354766846,-2.2966179847717285
0.1264999955892563,0.33589237928390503
-2.5364999771118164,-2.2618823051452637
-6.788599967956543,-5.850088596343994
0.39250001311302185,-0.5208886861801147
-2.6816000938415527,-1.330496072769165
0.34869998693466187,0.15987813472747803
0.29840001463890076,0.6905367374420166
-4.171800136566162,-3.42323637008667
-2.7077999114990234,-4.026811122894287
-3.4756999015808105,-2.824756622314453
0.08290000259876251,0.9378280639648438
-4.954400062561035,-2.3760757446289062
-3.5738000869750977,-6.236770153045654
-2.722899913787842,-1.7923734188079834
-2.7695999145507812,-2.237846851348877
-1.9732999801635742,-4.1781463623046875
-0.005799999926239252,0.33126282691955566
-4.217800140380859,-3.8655481338500977
-2.2994000911712646,-3.4934487342834473
-2.7939000129699707,-3.2382326126098633
-1.7036999464035034,-1.0943427085876465
0.4864000082015991,0.8806444406509399
-1.8329999446868896,-2.4508395195007324
-5.369800090789795,-3.464174270629883
-6.807400226593018,-11.60493278503418
-2.179500102996826,-2.852297782897949
-7.27839994430542,-8.97475528717041
-4.591599941253662,-3.2114391326904297
-4.31279993057251,-3.3331098556518555
-3.242500066757202,-1.9476717710494995
-4.110799789428711,-4.115851879119873
-0.13699999451637268,-0.9616950750350952
-4.677199840545654,-3.4030675888061523
-0.012799999676644802,1.224229097366333
-4.658199787139893,-5.299494743347168
-2.7739999294281006,-2.945420265197754
-7.216800212860107,-3.8749899864196777
-1.7024999856948853,-2.927525520324707
-2.954900026321411,-3.4186511039733887
-1.294800043106079,-2.7037787437438965
-5.169300079345703,-5.0292534828186035
-3.1373000144958496,-3.3057398796081543
-3.677799940109253,-2.6285343170166016
-3.8373000621795654,-2.579434394836426
-0.7552000284194946,-2.5130953788757324
-3.0708999633789062,-1.6774652004241943
-6.289299964904785,-9.743122100830078
-4.608399868011475,-2.315847635269165
-1.886199951171875,-0.7774746417999268
-1.520799994468689,-1.8394030332565308
0.6328999996185303,-0.27321290969848633
-1.7680000066757202,-3.0989747047424316
-4.634699821472168,-4.806197166442871
-1.0830999612808228,-1.4065594673156738
-1.367900013923645,-1.628726601600647
-1.0276999473571777,-2.3238437175750732
-4.812699794769287,-4.6213555335998535
-1.076200008392334,-3.0754919052124023
-2.383699893951416,-3.2689685821533203
-3.941699981689453,-4.457257270812988
0.46560001373291016,-0.262018620967865
-2.5243000984191895,-2.2023215293884277
-0.5916000008583069,-0.608654797077179
0.7953000068664551,0.47589612007141113
-3.3571999073028564,-2.9061331748962402
0.41670000553131104,-0.1695631444454193
-3.4263999462127686,-4.009729385375977
0.18440000712871552,0.18003779649734497
-7.338699817657471,-6.319788455963135
-7.940700054168701,-6.319787502288818
-3.7067999839782715,-3.663078784942627
-1.7331000566482544,-0.35391494631767273
-3.8225998878479004,-4.372890472412109
-2.1561999320983887,-1.907997488975525
-1.299399971961975,-2.263965129852295
1.2359999418258667,1.0482999086380005
-1.9220000505447388,-2.00728440284729
-1.3769999742507935,-0.8141239285469055
-1.0427000522613525,-1.4536548852920532
-3.683500051498413,-1.8992071151733398
-4.683499813079834,-4.16844367980957
0.7897999882698059,0.24162155389785767
-2.5113000869750977,-1.1330640316009521
-5.165500164031982,-3.0108442306518555
-2.4842000007629395,-2.2286715507507324
-0.7418000102043152,-1.6105127334594727
-5.475200176239014,-6.305484294891357
-0.6607999801635742,-1.4558961391448975
-1.9249000549316406,-2.3483338356018066
-1.9848999977111816,-1.2393836975097656
0.011900000274181366,-0.5540457963943481
-0.8461999893188477,-3.001786708831787
-2.699399948120117,-2.705962657928467
-2.805000066757202,-2.580693244934082
-1.3269000053405762,-3.7355847358703613
-2.670599937438965,-2.8740200996398926
-0.9473000168800354,-1.9063496589660645
-3.318700075149536,-4.05390739440918
-0.23190000653266907,-1.3205318450927734
-2.7762999534606934,-4.175171375274658
-6.244699954986572,-6.52589225769043
-6.572700023651123,-6.42777681350708
-5.895699977874756,-6.190462112426758
-6.878600120544434,-7.489579677581787
-7.908100128173828,-7.1941609382629395
-8.498900413513184,-8.25326156616211
-8.225899696350098,-8.481508255004883
-8.003999710083008,-8.03246021270752
-5.2378997802734375,-5.717470169067383
-8.480600357055664,-8.97053050994873
-7.820700168609619,-6.4286651611328125
-6.627699851989746,-7.136078357696533
-9.162699699401855,-9.752744674682617
-1.483199954032898,-2.046260356903076
-0.8185999989509583,-2.6398158073425293
-0.6110000014305115,-0.4633740484714508
0.15279999375343323,-0.5839301943778992
-5.259399890899658,-11.555540084838867
-1.7723000049591064,-2.736569404602051
-1.7864999771118164,-0.8615476489067078
-2.6359000205993652,-2.424887180328369
-2.5959999561309814,-4.324888706207275
-3.1926000118255615,-2.949556350708008
-1.5276000499725342,-0.5438554286956787
-2.1672000885009766,-4.140246868133545
-2.9210000038146973,-5.202847003936768
-4.5218000411987305,-4.46715784072876
0.09849999845027924,-1.123683214187622
-2.8996999263763428,-0.07976949214935303
-0.982699990272522,-0.7234362363815308
-1.7304999828338623,0.1959306001663208
-2.8924999237060547,-2.1950342655181885
-3.811800003051758,-5.1970295906066895
-4.354599952697754,-3.692399024963379
-2.6382999420166016,-1.61349356174469
-3.809999942779541,-3.605152130126953
-6.589099884033203,-5.018824577331543
-5.269199848175049,-4.1869988441467285
-3.6477999687194824,-2.7954206466674805
-4.10699987411499,-4.831087112426758
-2.42549991607666,-2.2081613540649414
-2.039400100708008,-1.832548975944519
-5.769199848175049,-4.86861515045166
-3.450700044631958,-3.1808276176452637
-1.9941999912261963,-1.8662283420562744
-3.285900115966797,-2.7140846252441406
-3.5913000106811523,-2.8821001052856445
-2.288800001144409,-1.6528419256210327
-1.0156999826431274,-0.8374423980712891
0.8090999722480774,0.49805742502212524
-3.0162999629974365,-3.93003511428833
-6.290800094604492,-8.967934608459473
0.2206999957561493,-0.367675244808197
-4.60260009765625,-3.851655960083008
-2.1756999492645264,-3.5841822624206543
-6.8643999099731445,-8.56998062133789
0.0017999999690800905,-1.6708682775497437
-10.23471736907959,-5.778685092926025
-8.782715797424316,-5.244875431060791
-8.848512649536133,-7.420590877532959
-8.81064510345459,-9.087034225463867
-7.564993858337402,-2.745548725128174
-7.582934379577637,-7.050307273864746
-7.52800989151001,-3.070545196533203
-7.432469367980957,-4.759264945983887
-7.727396011352539,-8.848430633544922
-7.547293663024902,-5.104441165924072
-7.53241491317749,-2.64133358001709
-8.47614860534668,-8.584327697753906
-7.691683292388916,-8.53133487701416
-7.169735908508301,-5.406707763671875
-8.106483459472656,-6.799206733703613
-6.719775199890137,-6.65545129776001
-8.087170600891113,-7.400492191314697
-6.771510124206543,-6.948277950286865
-7.717157363891602,-7.76393461227417
-6.489140033721924,-4.778634548187256
-7.633199214935303,-10.431808471679688
-7.931983947753906,-7.304304599761963
-9.02497386932373,-4.158849716186523
-9.227651596069336,-9.136645317077637
-8.667095184326172,-5.487016201019287
-8.479083061218262,-7.642465114593506
-7.631731986999512,-5.629634380340576
-6.672808647155762,-6.113326549530029
-7.050930976867676,-5.800134181976318
-7.626694202423096,-7.036561489105225
-7.634485721588135,-7.773322582244873
-7.179920196533203,-5.5478081703186035
-8.27165699005127,-6.938966274261475
-8.377104759216309,-5.124492168426514
-6.279395580291748,-5.15582275390625
-7.982807159423828,-8.400904655456543
-8.054415702819824,-5.667795658111572
-6.971234321594238,-5.583709716796875
-5.968106746673584,-3.3055896759033203
-8.141626358032227,-7.63560152053833
-7.8822712898254395,-3.4588818550109863
-5.743865013122559,-2.3631434440612793
-6.7566022872924805,-5.157712459564209
-6.9835710525512695,-3.4062747955322266
-7.973611831665039,-6.079963684082031
-7.966789245605469,-8.420804023742676
-7.757994651794434,-7.526057243347168
-7.007487773895264,-8.731191635131836
-9.039323806762695,-8.845599174499512
-8.362937927246094,-5.980114459991455
-7.3965020179748535,-6.308952808380127
-7.739803791046143,-2.793205738067627
-7.204596042633057,-6.376123905181885
-7.046360015869141,-5.558363914489746
-6.904485702514648,-6.090269565582275
-7.026737689971924,-1.5433944463729858
-7.012009620666504,-2.203855276107788
-6.373645782470703,-4.2206902503967285
-5.171235084533691,-5.335256099700928
-5.166184425354004,-3.0699024200439453
0.2567187547683716,-2.4316530227661133
-4.450427532196045,-10.945781707763672
-4.522222995758057,-8.16472339630127
-4.509614944458008,-9.2340726852417
-4.393183708190918,-8.656800270080566
-7.687222003936768,-5.246342658996582
-1.1331675052642822,-1.9173249006271362
-0.8036189079284668,-1.2345305681228638
-0.7569465637207031,-2.026581287384033
-6.445626258850098,-5.583676815032959
-1.3406827449798584,-2.7994275093078613
-0.43764612078666687,-1.8920152187347412
-5.159680366516113,-2.856290340423584
-2.0236334800720215,-1.6807303428649902
0.49985411763191223,-0.7183789610862732
0.9425469040870667,0.24865955114364624
0.17820489406585693,-1.0515739917755127
0.17154376208782196,-1.7344318628311157
0.3169727921485901,-0.7930788397789001
0.41083595156669617,-1.6496858596801758
0.5797669291496277,-1.3503576517105103
-0.8216489553451538,-0.7239741086959839
-0.5325397253036499,-2.2769713401794434
-0.7667514681816101,-1.5997380018234253
-1.0605299472808838,-6.178297519683838
-0.5694985389709473,-0.7335342168807983
-0.5105575323104858,-0.7819558382034302
-1.209646224975586,-2.893904209136963
0.15729819238185883,-0.953913688659668
-0.3225773274898529,-1.9671674966812134
0.5714408159255981,0.30543941259384155
-0.5892058610916138,-0.8305321335792542
0.0729096457362175,-0.5842019319534302
-2.6924707889556885,-3.830775260925293
-0.838577151298523,-1.3305250406265259
0.399087131023407,0.6575285196304321
-5.553210258483887,-2.4779505729675293
-0.07980690151453018,-0.569023072719574
-1.3471955060958862,-1.6554322242736816
-7.615408420562744,-5.289527416229248
-7.763261318206787,-3.7843313217163086
-6.618719100952148,-4.859246730804443
-6.10779333114624,-4.715752124786377
-5.2397356033325195,-1.5857309103012085
-5.031142234802246,-4.414196968078613
-4.772922992706299,-5.664495944976807
-1.2121028900146484,-1.7030279636383057
-4.465332984924316,-4.217748641967773
-4.6282057762146,-4.389950275421143
-4.501126766204834,-4.098381519317627
-4.672731876373291,-4.5935773849487305
-4.100706100463867,-4.519830226898193
-3.9885640144348145,-6.186044216156006
0.4432827830314636,-0.23613867163658142
-2.6916067600250244,-3.1466493606567383
-3.2913007736206055,-0.8324064016342163
-3.259634256362915,-0.13619765639305115
-3.825587511062622,-2.345170021057129
-2.8690757751464844,-3.071686267852783
-3.004181146621704,-0.9940142631530762
-2.961106061935425,-2.8048558235168457
-3.1729559898376465,-2.6531338691711426
-3.5397403240203857,-3.2988715171813965
-2.87860107421875,-1.7400178909301758
-3.185103416442871,-2.6255946159362793
-2.6625890731811523,-3.8925695419311523
-2.510422468185425,-1.5262348651885986
-2.702803373336792,-2.519402027130127
-2.6993634700775146,-2.132455825805664
-2.5265750885009766,-0.7625982761383057
-2.956287384033203,-3.1296162605285645
-2.6221985816955566,-3.0197091102600098
-1.9425722360610962,-2.8620829582214355
-2.2459921836853027,0.3953935503959656
-2.192561149597168,-2.4180684089660645
-1.88938307762146,-1.4659810066223145
-1.4489346742630005,-2.285015344619751
-0.08687569200992584,0.010207444429397583
0.6570841073989868,0.19793468713760376
-0.8273975849151611,-2.3155102729797363
-1.1265181303024292,0.12088006734848022
-0.8900865316390991,-1.4615734815597534
-0.6984761357307434,-4.081707954406738
-1.340108871459961,-1.8295738697052002
-0.9138010144233704,-1.1015218496322632
-0.9094796776771545,-1.1664402484893799
-1.1141554117202759,-1.660719633102417
-0.7148756384849548,-1.1939219236373901
-1.4505614042282104,-2.190396785736084
-1.2315456867218018,-0.6849594116210938
-0.936025857925415,0.09378069639205933
-0.7590011954307556,-1.2282830476760864
-1.5046684741973877,-0.7580726146697998
-0.6896460056304932,-0.45907244086265564
-1.016982913017273,-0.5819091796875
-1.1387882232666016,-1.684432864189148
-4.879551410675049,-4.768567085266113
-0.6404340863227844,-3.6711788177490234
-1.5783823728561401,-1.1620337963104248
-0.6359046101570129,-2.0740771293640137
-0.879554033279419,-0.8071195483207703
-0.4603540897369385,-1.28615140914917
-2.233440399169922,-3.514770984649658
-1.944045066833496,-1.2574613094329834
-5.495255470275879,-4.508387088775635
-1.8054505586624146,-1.1353756189346313
-2.221633195877075,-5.793593883514404
-2.526815414428711,-1.0540571212768555
-0.8779041767120361,-1.2015098333358765
-0.8254112601280212,-0.8665503859519958
-1.6008155345916748,-1.5511225461959839
-0.687217116355896,-0.9149543642997742
0.08456133306026459,-0.2131459265947342
-0.5907814502716064,-0.8583744764328003
-0.4159499406814575,-0.6786981821060181
-0.5908005833625793,-0.6984533071517944
0.4107896685600281,1.00083589553833
-0.06230946630239487,-0.02861928939819336
-0.9011960029602051,-1.4733190536499023
-0.39283981919288635,-0.838270902633667
-2.1253108978271484,-1.6839154958724976
-1.9192347526550293,-2.577155113220215
-1.8179144859313965,-0.747802734375
-1.6560932397842407,-2.0231363773345947
-1.1447961330413818,-0.8931655287742615
-0.3869456946849823,-1.2943565845489502
-0.6303809285163879,-0.9135284423828125
0.14719831943511963,0.09333807229995728
-0.4843358099460602,-1.0735065937042236
-0.3893149495124817,-0.46409910917282104
-2.4833879470825195,-1.5113071203231812
-2.3935954570770264,-1.6010220050811768
-1.718847393989563,-2.5976481437683105
-2.2022037506103516,-4.045743942260742
-1.2223095893859863,-1.043176293373108
-0.28369802236557007,-1.6162757873535156
0.6181157827377319,-0.8717561960220337
-0.9807589054107666,-3.486459732055664
-1.0196139812469482,-1.3284761905670166
-0.49497517943382263,-1.4873517751693726
-2.7359261512756348,-3.412189483642578
-1.4717570543289185,-2.030684471130371
-1.9878368377685547,-3.1138882637023926
-2.2180283069610596,-1.6019240617752075
-1.181917428970337,-1.8663146495819092
-2.161609411239624,-0.5178669691085815
-0.32455572485923767,-0.8923249244689941
0.7770765423774719,-0.23644477128982544
-0.5608137249946594,-0.4410333037376404
-1.9594675302505493,-1.7253841161727905
-2.1807658672332764,-3.9062857627868652
0.6051674485206604,-0.4284026324748993
0.5110430717468262,0.4718664884567261
0.6370124220848083,0.0740080177783966
-0.8354591727256775,-2.3698549270629883
0.6585803031921387,0.7290937900543213
-1.0156300067901611,-2.624993324279785
-1.942821979522705,-2.8534488677978516
-1.8471355438232422,-3.9241294860839844
-1.7439279556274414,-3.259531021118164
0.21257446706295013,-1.6778521537780762
-1.1748734712600708,-0.8547278642654419
-0.8725523948669434,-2.0132265090942383
-0.7147015929222107,-0.19312535226345062
-0.718824565410614,-2.2445321083068848
-1.4062217473983765,-3.9398627281188965
-2.499798059463501,-0.47766390442848206
0.7924026846885681,1.1306697130203247
-0.9210343956947327,-1.4461721181869507
-1.894836187362671,-1.750395655632019
-4.8472795486450195,-6.141148567199707
-3.574289083480835,-3.9978432655334473
-2.6630759239196777,-1.8808531761169434
-2.639897584915161,-2.31709885597229
-0.8547884821891785,-2.84515380859375
-0.6308712959289551,-2.964271068572998
-0.9572055339813232,-0.9179776310920715
-1.3487765789031982,-1.2396655082702637
-0.6679306626319885,-2.390209674835205
-1.8252826929092407,-1.119551420211792
-1.1031036376953125,-3.1710615158081055
-0.9522048234939575,-0.9279088973999023
-4.947028636932373,-4.205844879150391
0.15535737574100494,-1.5898244380950928
-2.6903135776519775,-1.2021187543869019
-2.566969156265259,-2.856138229370117
-2.429980993270874,-2.107778549194336
-2.3162214756011963,-2.812533378601074
-1.2963651418685913,-2.167541027069092
-0.6029812097549438,-2.945646286010742
-1.5687181949615479,-3.0537214279174805
-1.5709847211837769,-2.7207112312316895
-1.2370685338974,-2.75462007522583
-1.463118553161621,-2.6871047019958496
-1.2596983909606934,-1.5606577396392822
-1.607428789138794,-1.2254908084869385
-2.210130453109741,-1.9232182502746582
-0.835225522518158,-0.7892974019050598
-2.088831663131714,-2.2021522521972656
-2.1566765308380127,-1.6991268396377563
-0.6348683834075928,-0.7922044992446899
-1.3075464963912964,-1.1084033250808716
0.2127067595720291,-0.2297537624835968
0.6427483558654785,0.7404515743255615
-1.4981682300567627,-0.7967723608016968
-2.0506715774536133,-1.7091621160507202
-2.0454015731811523,-2.3960390090942383
-1.8129006624221802,-2.5262904167175293
-1.8973139524459839,-1.9728471040725708
-1.8872467279434204,-2.623434543609619
-0.9675670266151428,-3.3309483528137207
0.5890195965766907,-0.42184028029441833
-3.835390090942383,-2.5428857803344727
-9.151810646057129,-3.807950973510742
-8.097434043884277,-4.460628032684326
-8.125789642333984,-2.5141916275024414
-8.267743110656738,-5.157848358154297
-7.946874618530273,-7.650200366973877
-7.981473445892334,-8.32207202911377
-7.861382484436035,-6.777493953704834
-7.875509262084961,-8.739614486694336
-7.813287258148193,-5.954237937927246
-7.804113388061523,-6.140030384063721
-7.663343906402588,-4.277247428894043
-7.553792476654053,-7.105179786682129
-7.185390472412109,-6.135852336883545
-7.315402507781982,-5.9887237548828125
-7.47614860534668,-8.954314231872559
-7.202332973480225,-5.690128803253174
-7.191727161407471,-5.244372844696045
-7.254042625427246,-3.429757595062256
-7.138754844665527,-3.9216694831848145
-7.134192943572998,-7.105247497558594
-7.048812389373779,-7.27216100692749
-6.860411167144775,-6.582449436187744
-7.043598175048828,-6.011515140533447
-6.983720779418945,-3.5306262969970703
-6.700119495391846,-4.85243558883667
-6.621667385101318,-5.099947452545166
-7.071018218994141,-7.337405681610107
-6.297053337097168,-2.748342514038086
-6.636031150817871,-6.015297889709473
-6.517040252685547,-2.8458118438720703
-6.820895195007324,-6.893558979034424
-6.17092752456665,-2.103743076324463
-6.260769844055176,-5.526688575744629
-6.412198543548584,-5.716978073120117
-6.238635540008545,-3.9793214797973633
-5.669893264770508,-61.54218292236328
-5.790560722351074,-4.249851226806641
-6.731678009033203,-3.5774450302124023
-5.593642711639404,-6.825408458709717
-5.634047031402588,-5.558323383331299
-5.768465042114258,-4.987199783325195
-5.808172702789307,-6.5982794761657715
-4.742403030395508,-55.53886413574219
-5.169478416442871,-3.319190502166748
-5.716458320617676,-7.650810718536377
-5.359014511108398,-5.390427112579346
-4.340909004211426,-5.03371524810791
-5.036826133728027,-3.9005227088928223
-5.142667293548584,-5.604736328125
-1.0591609477996826,-2.7829017639160156
-5.415414810180664,-6.511701583862305
-0.7942190170288086,-3.675713539123535
-0.5025263428688049,-0.7930168509483337
-3.8508543968200684,-2.706697940826416
0.4040256440639496,-0.8880428075790405
0.9361608028411865,-0.5039135813713074
0.6312683820724487,-0.41981783509254456
-6.0798516273498535,-6.483675003051758
-5.10529088973999,-3.8433618545532227
-5.449126243591309,-2.9054999351501465
-4.8251166343688965,-1.3019068241119385
-4.828233242034912,-4.243366718292236
-4.523907661437988,-3.027769088745117
-8.38609504699707,-5.7099289894104
-3.5242438316345215,-2.4147515296936035
-4.800973892211914,-3.9152793884277344
-7.505541801452637,-2.6328659057617188
-7.025125503540039,-4.305259704589844
-6.953686714172363,-6.319788455963135
-6.978287220001221,-5.550732612609863
-6.9891357421875,-5.705021381378174
-6.591928958892822,-4.444414138793945
-6.680445194244385,-6.4670891761779785
-6.4776740074157715,-5.449219226837158
-6.33726167678833,-4.975561141967773
-5.941561222076416,-4.272865295410156
-6.461251258850098,-4.794229030609131
-6.011842250823975,-4.4673237800598145
-6.000482082366943,-4.291477680206299
-5.903789520263672,-1.5891791582107544
-6.597038745880127,-5.764787673950195
-5.917142868041992,-5.504877090454102
-5.998008728027344,-3.338334560394287
-6.806302547454834,-8.817670822143555
-6.201435565948486,-6.451094150543213
-5.671591281890869,-4.641664981842041
-5.629397392272949,-1.46632981300354
-5.645384788513184,-5.137668609619141
-5.560732364654541,-1.8974257707595825
-5.633055686950684,-7.52605676651001
-5.835720539093018,-6.082282543182373
-5.401939392089844,-4.484551906585693
-5.512605667114258,-5.078289031982422
-5.422780513763428,-4.398214817047119
-5.371522426605225,-3.5150704383850098
-5.517334938049316,-6.676352500915527
-5.393383502960205,-1.2203118801116943
-5.50656795501709,-9.299327850341797
-5.284725189208984,-3.540762424468994
-5.647161960601807,-7.89362907409668
-5.496412754058838,-7.5685882568359375
-5.827328681945801,-4.033638000488281
-5.335685729980469,-3.6592326164245605
-4.658441543579102,-3.060251235961914
-4.673121452331543,-1.5590476989746094
0.6527383327484131,-6.319787502288818
0.5292955636978149,-3.5830917358398438
-2.7116858959198,-2.331409454345703
-3.516237735748291,-3.4176406860351562
-3.2653422355651855,-5.4393792152404785
-1.1448233127593994,-1.441640019416809
-3.1515049934387207,-2.8720035552978516
-4.818703651428223,-7.456068515777588
-4.323794364929199,-5.223859786987305
-4.437962532043457,-1.9395983219146729
-4.3048553466796875,-0.05736809968948364
-1.2604846954345703,-3.6768126487731934
-4.200866222381592,-4.6335225105285645
-4.225337028503418,-3.1428399085998535
-4.261695384979248,-0.7259178161621094
-3.0741522312164307,-4.22807502746582
-1.6427862644195557,-2.2607412338256836
-4.188747882843018,-3.9001169204711914
-3.285433530807495,-3.0279831886291504
-1.2298486232757568,-1.1082026958465576
-1.002292275428772,-0.21559715270996094
-4.3744001388549805,-2.5816221237182617
-4.154195785522461,-0.4255385994911194
-4.090188026428223,-4.5769782066345215
-1.9745177030563354,-2.472208023071289
-3.2522132396698,-3.814500331878662
-4.097612380981445,-5.162786960601807
-4.193381309509277,-2.6196093559265137
-1.9472895860671997,-2.769469738006592
-0.8786253333091736,-1.8723225593566895
-0.3038119077682495,-0.13881635665893555
-4.674561977386475,-4.2500834465026855
-2.7108383178710938,-1.5586293935775757
-4.524775981903076,-8.267757415771484
-3.1720235347747803,-1.6971999406814575
-3.5425872802734375,-2.363635778427124
-5.438370704650879,-3.526378631591797
-5.022602558135986,-4.068670272827148
-4.941791534423828,-3.792881965637207
-4.975513458251953,-2.328063488006592
-4.883187294006348,-1.868774175643921
-4.670405387878418,-5.670734882354736
-4.593683242797852,-2.0881199836730957
-2.710489273071289,-2.929076671600342
-4.6112213134765625,-5.015442848205566
-0.03102041594684124,0.9261194467544556
-2.9027228355407715,1.001091480255127
-6.667294979095459,-3.924562931060791
-4.122768878936768,-3.8231735229492188
-4.054976940155029,-4.213574409484863
-4.017959117889404,-0.42059043049812317
-4.156442642211914,-3.235994815826416
-2.2047231197357178,-0.8015844821929932
-3.845829963684082,-1.7822177410125732
-4.843867778778076,-3.174591064453125
-4.358857154846191,-2.7589187622070312
-0.5256786346435547,-3.08419132232666
-0.8951600193977356,-0.16571861505508423
-6.692582607269287,-6.352565288543701
-4.849542140960693,-3.763082981109619
-3.132383108139038,-2.7999963760375977
-2.8195042610168457,-1.1273975372314453
-5.084664344787598,-1.650413155555725
-5.0105767250061035,-4.346116542816162
-5.493585109710693,-2.3078055381774902
-4.820796012878418,-4.384472370147705
-2.7354178428649902,-1.9454858303070068
-1.461244821548462,-0.5723260641098022
-0.9331685900688171,-1.5735715627670288
-2.858808755874634,-3.2066216468811035
-4.087958812713623,-2.3722405433654785
-3.9191737174987793,-4.402167320251465
-3.8838493824005127,-0.3752487897872925
-3.0213589668273926,-2.803891181945801
-3.9560818672180176,-4.255755424499512
-3.9374887943267822,-3.0101799964904785
-3.958346128463745,-2.4363179206848145
-1.6718324422836304,-2.3536524772644043
-2.744685411453247,-2.2662386894226074
-0.5865603089332581,-1.2485438585281372
-4.692831516265869,-3.0558319091796875
-7.231973648071289,-5.478283882141113
-4.891655445098877,-5.823681354522705
-4.7342963218688965,-4.944946765899658
-4.6803669929504395,-3.6374521255493164
-4.471540451049805,-4.607177257537842
-4.945016860961914,-3.4108777046203613
-4.652928829193115,-7.094553470611572
-3.9003350734710693,-3.2820539474487305
-2.733020544052124,-2.9425549507141113
-2.6876301765441895,-1.0140368938446045
-4.588176727294922,-3.835996150970459
-3.7259037494659424,-4.678412914276123
-1.020958662033081,-0.4901278018951416
-2.8204596042633057,-4.558659076690674
-1.8384616374969482,-1.6072107553482056
-6.497781276702881,-3.874553680419922
-3.906400680541992,-2.1276588439941406
-4.6327996253967285,-4.796879768371582
-5.010485649108887,-2.3057994842529297
-4.676527976989746,-3.420905113220215
-3.703092575073242,-3.6253533363342285
-4.613478660583496,-5.52944803237915
-5.041697978973389,-4.959625244140625
-5.40505313873291,-6.988143444061279
-4.008053302764893,-5.232916831970215
-2.494168519973755,-2.481997013092041
-2.102187395095825,-1.0575711727142334
-2.4332380294799805,-1.9864412546157837
-2.762296438217163,-3.1813902854919434
-3.0521011352539062,-2.960358142852783
-4.4200239181518555,-4.520094394683838
-4.489105224609375,-3.5880279541015625
-4.412762641906738,-7.895797252655029
-1.2770211696624756,-0.6982699632644653
-3.5337584018707275,-0.590401291847229
-3.557960033416748,-2.9316248893737793
-2.4180901050567627,-3.6363062858581543
-4.6725029945373535,-4.287337303161621
-3.1767964363098145,-2.9677839279174805
-2.8005950450897217,-4.8334479331970215
-3.235762357711792,-5.030691623687744
-4.578402996063232,-4.85540771484375
-3.7561795711517334,-2.326563835144043
-3.529299259185791,-3.8211307525634766
-2.786820411682129,-2.663811683654785
-7.404250144958496,-7.2620530128479
-6.929013252258301,-2.5135374069213867
-6.183335781097412,-4.913585186004639
-7.555881500244141,-2.107956886291504
-6.214524745941162,-6.166922092437744
-5.365156173706055,-2.3338658809661865
-2.965977191925049,-2.3338661193847656
-1.5218900442123413,-1.2886872291564941
-4.285895824432373,-1.8737090826034546
-1.4396051168441772,-3.2595505714416504
-1.7796231508255005,-2.853421688079834
-1.8357971906661987,-1.8160048723220825
-3.3589112758636475,-3.125448703765869
-0.42613649368286133,-0.7328327894210815
-3.810962677001953,-2.7963099479675293
-7.973715305328369,-7.9372239112854
-3.8937389850616455,-4.801623344421387
-2.6418192386627197,-0.5698773860931396
-4.2873430252075195,-3.861514091491699
-1.9803098440170288,-1.207250714302063
-4.5955023765563965,-3.2671847343444824
-4.662064552307129,-3.8965258598327637
-3.9244091510772705,-3.610736846923828
-3.2547671794891357,-4.401823997497559
