ID,Name,InChI,InChIKey,SMILES,Solubility,SD,Ocurrences,Group,MolWt,MolLogP,MolMR,HeavyAtomCount,NumHAcceptors,NumHDonors,NumHeteroatoms,NumRotatableBonds,NumValenceElectrons,NumAromaticRings,NumSaturatedRings,NumAliphaticRings,RingCount,TPSA,LabuteASA,BalabanJ,BertzCT,CanonicalSMILES,actual_Solubility,predicted_Solubility,residual,absolute_error
A-2169,"2-ethyl-9,10-dihydroanthracene-9,10-dione","InChI=1S/C16H12O2/c1-2-10-7-8-13-14(9-10)16(18)12-6-4-3-5-11(12)15(13)17/h3-9H,2H2,1H3",SJEBAWHUJDUKQK-UHFFFAOYSA-N,CCc1ccc2C(=O)c3ccccc3C(=O)c2c1,-5.9842424969,0.0,1,G1,236.27,3.0244000000000018,69.12700000000002,18.0,2.0,0.0,2.0,1.0,88.0,2.0,0.0,1.0,3.0,34.14,105.26547882970571,2.2684291257338125,668.5472200566021,CCc1ccc2c(c1)C(=O)c1ccccc1C2=O,-5.98424243927002,-5.893375396728516,-0.0908670425415039,0.0908670425415039
H-553,Digoxin,"InChI=1S/C41H64O14/c1-19-36(47)28(42)15-34(50-19)54-38-21(3)52-35(17-30(38)44)55-37-20(2)51-33(16-29(37)43)53-24-8-10-39(4)23(13-24)6-7-26-27(39)14-31(45)40(5)25(9-11-41(26,40)48)22-12-32(46)49-18-22/h12,19-21,23-31,33-38,42-45,47-48H,6-11,13-18H2,1-5H3",LTMHDMANZUZIPE-UHFFFAOYSA-N,CC1OC(OC2C(O)CC(OC3C(O)CC(OC4CCC5(C)C(CCC6C5CC(O)C5(C)C(C7=CC(=O)OC7)CCC65O)C4)OC3C)OC2C)CC(O)C1O,-4.16,0.1586407541865862,3,G5,780.9490000000003,2.218100000000003,192.6107999999994,55.0,14.0,6.0,14.0,7.0,312.0,0.0,7.0,8.0,8.0,203.06,323.3224245630436,0.8374981988041249,1409.0037418555949,CC1OC(OC2C(O)CC(OC3C(O)CC(OC4CCC5(C)C(CCC6C5CC(O)C5(C)C(C7=CC(=O)OC7)CCC65O)C4)OC3C)OC2C)CC(O)C1O,-4.159999847412109,-4.338095664978027,0.1780958175659179,0.1780958175659179
B-4401,diphenic acid,"InChI=1S/C14H10O4/c15-13(16)11-7-3-1-5-9(11)10-6-2-4-8-12(10)14(17)18/h1-8H,(H,15,16)(H,17,18)",GWZCCUDJHOGOSO-UHFFFAOYSA-N,OC(=O)c1ccccc1c2ccccc2C(O)=O,-2.2839,0.0,1,G1,242.23,2.75,65.79660000000003,18.0,2.0,2.0,4.0,3.0,90.0,2.0,0.0,0.0,2.0,74.6,103.12989325883376,2.6974636434800607,561.1959859811753,O=C(O)c1ccccc1-c1ccccc1C(=O)O,-2.283900022506714,-3.287173271179199,1.0032732486724854,1.0032732486724854
E-148,pentachlorobutadiene,InChI=1S/C4HCl5/c5-2(4(8)9)1-3(6)7/h1H,WVFBDVFCOCLEFM-UHFFFAOYSA-N,ClC(=C(C=C(Cl)Cl)Cl)Cl,-4.23,0.0,1,G1,226.317,4.1909,44.37400000000001,9.0,0.0,0.0,5.0,1.0,52.0,0.0,0.0,0.0,0.0,0.0,77.97120244105922,4.249516250191478,148.34093004940027,ClC(Cl)=CC(Cl)=C(Cl)Cl,-4.230000019073486,-1.5834678411483765,-2.64653217792511,2.64653217792511
B-4164,trimethyl phosphate,"InChI=1S/C3H9O4P/c1-5-8(4,6-2)7-3/h1-3H3",WVLBCYQITXONBZ-UHFFFAOYSA-N,CO[P](=O)(OC)OC,0.5526,0.0,1,G1,140.075,1.0337,28.63349999999999,8.0,4.0,0.0,5.0,3.0,50.0,0.0,0.0,0.0,0.0,44.76000000000001,48.3593816196185,3.791009812587504,82.43699516085105,COP(=O)(OC)OC,0.5526000261306763,0.0650408267974853,0.4875591993331909,0.4875591993331909
A-1817,2-methoxy-4-(prop-2-en-1-yl)phenol,"InChI=1S/C10H12O2/c1-3-4-8-5-6-9(11)10(7-8)12-2/h3,5-7,11H,1,4H2,2H3",RRAFCDWBNXTKKO-UHFFFAOYSA-N,COc1cc(CC=C)ccc1O,-2.1531779235,0.2954889617499999,2,G3,164.204,2.1293,48.55980000000003,12.0,2.0,1.0,2.0,3.0,64.0,1.0,0.0,0.0,1.0,29.46,72.10934752660205,2.95955954722478,279.16711032401867,C=CCc1ccc(O)c(OC)c1,-2.1531779766082764,-2.4327824115753174,0.279604434967041,0.279604434967041
A-51,2-benzyl-2-(dimethylamino)-1-[4-(morpholin-4-yl)phenyl]butan-1-one,"InChI=1S/C23H30N2O2/c1-4-23(24(2)3,18-19-8-6-5-7-9-19)22(26)20-10-12-21(13-11-20)25-14-16-27-17-15-25/h5-13H,4,14-18H2,1-3H3",UHFFVFAKEGKNAQ-UHFFFAOYSA-N,CCC(Cc1ccccc1)(N(C)C)C(=O)c2ccc(cc2)N3CCOCC3,-4.7932278922,0.0,1,G1,366.50500000000017,3.6590000000000025,110.65950000000008,27.0,4.0,0.0,4.0,7.0,144.0,2.0,1.0,1.0,3.0,32.78,162.29176410035186,1.8475406911024352,736.7334819718303,CCC(Cc1ccccc1)(C(=O)c1ccc(N2CCOCC2)cc1)N(C)C,-4.793227672576904,-4.475308418273926,-0.3179192543029785,0.3179192543029785
F-1148,"5-ethyl-5-pentan-2-yl-1,3-diazinane-2,4,6-trione","InChI=1S/C11H18N2O3/c1-4-6-7(3)11(5-2)8(14)12-10(16)13-9(11)15/h7H,4-6H2,1-3H3,(H2,12,13,14,15,16)",WEXRUCMBJFQVBZ-UHFFFAOYSA-N,CCCC(C)C1(CC)C(=O)NC(=O)NC1=O,-2.39,0.0651347492169544,3,G5,226.276,1.1849999999999998,58.47740000000003,16.0,3.0,2.0,5.0,4.0,90.0,0.0,1.0,1.0,1.0,75.27000000000002,94.9671316856138,3.0460336908423664,305.19136469282626,CCCC(C)C1(CC)C(=O)NC(=O)NC1=O,-2.390000104904175,-2.9541401863098145,0.5641400814056396,0.5641400814056396
A-3567,lead(2+) ion dinitrate,InChI=1S/2NO3.Pb/c2*2-1(3)4;/q2*-1;+2,RLJMLMKIBZAXJO-UHFFFAOYSA-N,[Pb++].[O-][N+]([O-])=O.[O-][N+]([O-])=O,0.1665354510999999,0.0,1,G1,331.20800000000014,-0.8590000000000002,26.476800000000004,9.0,6.0,0.0,9.0,0.0,50.0,0.0,0.0,0.0,0.0,132.4,68.46518758887134,-7.199999951999999e-08,69.05865002596164,O=[N+]([O-])[O-].O=[N+]([O-])[O-].[Pb+2],0.1665354520082473,-0.1874690055847168,0.3540044575929642,0.3540044575929642
B-4269,dimethyl disulfide,InChI=1S/C2H6S2/c1-3-4-2/h1-2H3,WQOXQRCZOLPYPM-UHFFFAOYSA-N,CSSC,-1.4969,0.042010841462471,3,G5,94.204,1.6274,27.029999999999998,4.0,2.0,0.0,2.0,1.0,26.0,0.0,0.0,0.0,0.0,0.0,34.750375279306304,1.9747448713915887,6.0,CSSC,-1.496899962425232,-2.870879411697388,1.3739794492721558,1.3739794492721558
A-56,"ethenyl 2,2-dimethyloctanoate","InChI=1S/C12H22O2/c1-5-14-11(13)9-7-6-8-10-12(2,3)4/h5H,1,6-10H2,2-4H3",TVFJAZCVMOXQRK-UHFFFAOYSA-N,CC(C)(C)CCCCCC(=O)OC=C,-4.581332510899999,0.0,1,G1,198.306,3.6697000000000015,58.82900000000004,14.0,2.0,0.0,2.0,6.0,82.0,0.0,0.0,0.0,0.0,26.3,87.33907858355866,3.2972151107499355,177.2509756525336,C=COC(=O)CCCCCC(C)(C)C,-4.581332683563232,-6.858185291290283,2.276852607727051,2.276852607727051
A-5356,ethyl(propyl)amine,"InChI=1S/C5H13N/c1-3-5-6-4-2/h6H,3-5H2,1-2H3/p+1",XCVNDBIXFPGMIW-UHFFFAOYSA-O,CCC[NH2+]CC,1.0546594571,0.0,1,G1,88.17399999999998,-0.0203000000000002,27.62439999999999,6.0,0.0,1.0,1.0,3.0,38.0,0.0,0.0,0.0,0.0,16.61,39.74888166902402,2.3390923149762908,15.900134529890124,CCC[NH2+]CC,1.0546594858169556,-1.4428712129592896,2.497530698776245,2.497530698776245
A-3367,2-methylpropanoic anhydride,"InChI=1S/C8H14O3/c1-5(2)7(9)11-8(10)6(3)4/h5-6H,1-4H3",LSACYLWPPQLVSM-UHFFFAOYSA-N,CC(C)C(=O)OC(=O)C(C)C,0.5917902317,0.0,1,G1,158.19699999999995,1.3682,40.77500000000001,11.0,3.0,0.0,3.0,2.0,64.0,0.0,0.0,0.0,0.0,43.37000000000001,66.73043525820019,3.8624101150224392,140.72010581370304,CC(C)C(=O)OC(=O)C(C)C,0.5917902588844299,-1.2230865955352783,1.8148768544197085,1.8148768544197085
E-961,Sparteine,"InChI=1S/C15H26N2/c1-3-7-16-11-13-9-12(14(16)5-1)10-17-8-4-2-6-15(13)17/h12-15H,1-11H2",SLRCCWJSBJZJBV-UHFFFAOYSA-N,C1CCN2CC(C3)C4CCCCN4CC3C2C1,-1.89,0.0,1,G1,234.387,2.3451000000000004,70.02100000000007,17.0,2.0,0.0,2.0,0.0,96.0,0.0,4.0,4.0,4.0,6.48,105.34478335567192,1.561157944784887,262.6464070845272,C1CCN2CC3CC(CN4CCCCC34)C2C1,-1.8899999856948853,-1.9285447597503664,0.0385447740554809,0.0385447740554809
A-2179,"Decahydrospiro[furan-2(3H),5'-[4,7]methano[5h]indene]","InChI=1S/C13H20O/c1-3-10-9-7-12(11(10)4-1)13(8-9)5-2-6-14-13/h9-12H,1-8H2",JDJZAKLOMAHING-UHFFFAOYSA-N,C1COC2(C1)CC3CC2C4CCCC34,-5.941561120199999,0.0,1,G1,192.302,2.9917000000000016,54.962000000000046,14.0,1.0,0.0,1.0,0.0,78.0,0.0,4.0,4.0,4.0,9.23,86.20877701597881,1.6878333465948456,253.9611776897996,C1CC2C3CC(C2C1)C1(CCCO1)C3,-5.941561222076416,-2.2717771530151367,-3.6697840690612793,3.6697840690612793
C-2493,indapamide;  1-(3-aminosulfonyl-4-chloro)benzoylamino-2-methylindoline,"InChI=1S/C16H16ClN3O3S/c1-10-8-11-4-2-3-5-14(11)20(10)19-16(21)12-6-7-13(17)15(9-12)24(18,22)23/h2-7,9-10H,8H2,1H3,(H,19,21)(H2,18,22,23)",NDDAHWYSQHTHNT-UHFFFAOYSA-N,CC1CC2=C(C=CC=C2)N1NC(=O)C3=CC(=C(Cl)C=C3)[S](N)(=O)=O,-3.79,0.1019999999999998,2,G3,365.842,2.0834,92.37840000000004,24.0,4.0,2.0,8.0,3.0,126.0,2.0,0.0,1.0,3.0,92.5,144.78772142001787,1.8885490887958856,914.5336968480624,CC1Cc2ccccc2N1NC(=O)c1ccc(Cl)c(S(N)(=O)=O)c1,-3.7899999618530273,-1.494743585586548,-2.2952563762664795,2.2952563762664795
C-30,d-glucose;  dextrose,"InChI=1S/C6H12O6/c7-1-2-3(8)4(9)5(10)6(11)12-2/h2-11H,1H2",WQZGKKKJIJFFOK-UHFFFAOYSA-N,OCC1OC(O)C(O)C(O)C1O,0.74,0.1015253262737924,4,G5,180.156,-3.2214000000000005,35.986,12.0,6.0,5.0,6.0,1.0,72.0,0.0,1.0,1.0,1.0,110.38,68.64284443677029,2.634408987061597,146.21884910034808,OCC1OC(O)C(O)C(O)C1O,0.7400000095367432,0.3551435470581054,0.3848564624786377,0.3848564624786377
C-2086,"2,3,6-trichlorodiphenyl  ether",InChI=1S/C12H7Cl3O/c13-9-6-7-10(14)12(11(9)15)16-8-4-2-1-3-5-8/h1-7H,RQSRPDGSUDRYLH-UHFFFAOYSA-N,ClC1=CC=C(Cl)C(=C1Cl)OC2=CC=CC=C2,-5.95,0.0,1,G1,273.546,5.4391000000000025,67.98800000000003,16.0,1.0,0.0,4.0,2.0,82.0,2.0,0.0,0.0,2.0,9.23,108.51184123571294,2.3843405653411573,497.1171014776177,Clc1ccc(Cl)c(Oc2ccccc2)c1Cl,-5.949999809265137,-5.640413284301758,-0.3095865249633789,0.3095865249633789
C-976,chlorothiazide,"InChI=1S/C7H6ClN3O4S2/c8-4-1-5-7(2-6(4)16(9,12)13)17(14,15)11-3-10-5/h1-3H,(H,10,11)(H2,9,12,13)",JBMKAUGHUNFTOL-UHFFFAOYSA-N,N[S](=O)(=O)C1=CC2=C(C=C1Cl)N=CN[S]2(=O)=O,-2.92,0.0630000000000001,2,G3,295.7290000000001,-0.0608999999999999,61.2987,17.0,5.0,2.0,10.0,1.0,92.0,1.0,0.0,1.0,2.0,118.69,102.40040745855704,2.8465966642778904,723.7308563894458,NS(=O)(=O)c1cc2c(cc1Cl)N=CNS2(=O)=O,-2.9200000762939453,-2.6071159839630127,-0.3128840923309326,0.3128840923309326
B-3344,cadusafos,"InChI=1S/C10H23O2PS2/c1-6-9(4)14-13(11,12-8-3)15-10(5)7-2/h9-10H,6-8H2,1-5H3",KXRPCFINVWWFHQ-UHFFFAOYSA-N,CCO[P](=O)(SC(C)CC)SC(C)CC,-3.0376,0.0,1,G1,270.4,5.194400000000004,73.92050000000005,15.0,4.0,0.0,5.0,8.0,92.0,0.0,0.0,0.0,0.0,26.3,102.25693474209405,4.371665188108624,195.59906920529525,CCOP(=O)(SC(C)CC)SC(C)CC,-3.037600040435791,-2.757197141647339,-0.2804028987884521,0.2804028987884521
C-132,"metharbital;  5,5-diethyl-1-methylbarbituric acid","InChI=1S/C9H14N2O3/c1-4-9(5-2)6(12)10-8(14)11(3)7(9)13/h4-5H2,1-3H3,(H,10,12,14)",FWJKNZONDWOGMI-UHFFFAOYSA-N,CCC1(CC)C(=O)NC(=O)N(C)C1=O,-2.1,0.0939683752948594,3,G5,198.222,0.5009999999999999,49.32370000000002,14.0,3.0,1.0,5.0,2.0,78.0,0.0,1.0,1.0,1.0,66.48,82.4472189434159,3.1152276120227285,294.4321921301733,CCC1(CC)C(=O)NC(=O)N(C)C1=O,-2.0999999046325684,-1.52232027053833,-0.5776796340942383,0.5776796340942383
A-1869,zinc(2+) ion sulfanediide,InChI=1S/S.Zn,WGPCGCOKHWGKJJ-UHFFFAOYSA-N,S=[Zn],-2.9676237394,1.978948405280716,3,G4,97.457,0.6457,7.591,2.0,1.0,0.0,2.0,0.0,8.0,0.0,0.0,0.0,0.0,0.0,27.141437902374907,2.0,2.0,S=[Zn],-2.967623710632324,-4.450178146362305,1.4825544357299805,1.4825544357299805
B-2126,"1,4-benzenedicarboxylic acid, 2-methoxy-","InChI=1S/C9H8O5/c1-14-7-4-5(8(10)11)2-3-6(7)9(12)13/h2-4H,1H3,(H,10,11)(H,12,13)",VQBBXLZPRXHYBO-UHFFFAOYSA-N,COc1cc(ccc1C(O)=O)C(O)=O,-1.9916,0.0,1,G1,196.158,1.0916,46.91260000000001,14.0,3.0,2.0,5.0,3.0,74.0,1.0,0.0,0.0,1.0,83.83000000000001,79.55128639667323,3.245789976388745,382.788745587848,COc1cc(C(=O)O)ccc1C(=O)O,-1.9916000366210935,-2.438840866088867,0.4472408294677734,0.4472408294677734
B-2123,"hexanedioic acid, 2,5-dimercapto-","InChI=1S/C6H10O4S2/c7-5(8)3(11)1-2-4(12)6(9)10/h3-4,11-12H,1-2H2,(H,7,8)(H,9,10)",SUVZGLSQFGNBQI-UHFFFAOYSA-N,OC(=O)C(S)CCC(S)C(O)=O,-2.4758,0.0,1,G1,210.27600000000004,0.5326,50.05360000000002,12.0,4.0,4.0,6.0,5.0,70.0,0.0,0.0,0.0,0.0,74.6,80.78560663109563,3.6806583316694943,162.38689879982144,O=C(O)C(S)CCC(S)C(=O)O,-2.475800037384033,-0.4895553588867187,-1.9862446784973145,1.9862446784973145
C-273,norethindrone;  norethisterone,"InChI=1S/C20H26O2/c1-3-20(22)11-9-18-17-6-4-13-12-14(21)5-7-15(13)16(17)8-10-19(18,20)2/h1,12,15-18,22H,4-11H2,2H3",VIKNJXKGJWUCNN-UHFFFAOYSA-N,CC12CCC3C(CCC4=CC(=O)CCC34)C1CCC2(O)C#C,-4.63,0.157480157480236,3,G5,298.426,3.4925000000000024,85.87580000000004,22.0,2.0,1.0,2.0,0.0,118.0,0.0,3.0,4.0,4.0,37.3,132.91520479916298,1.6520192857313454,583.0048893946201,C#CC1(O)CCC2C3CCC4=CC(=O)CCC4C3CCC21C,-4.630000114440918,-5.1929850578308105,0.5629849433898926,0.5629849433898926
A-4607,"2,3-bis(nitrooxy)propyl nitrate","InChI=1S/C3H5N3O9/c7-4(8)13-1-3(15-6(11)12)2-14-5(9)10/h3H,1-2H2",SNIOPGDIGTZGOP-UHFFFAOYSA-N,[O-][N+](=O)OCC(CO[N+]([O-])=O)O[N+]([O-])=O,-2.1520684654,0.0421498182876954,4,G5,227.085,-1.0200999999999996,37.760200000000026,15.0,9.0,0.0,12.0,8.0,86.0,0.0,0.0,0.0,0.0,157.11,80.63081361107673,3.9922055468289934,234.9871242601569,O=[N+]([O-])OCC(CO[N+](=O)[O-])O[N+](=O)[O-],-2.1520683765411377,-1.59544837474823,-0.5566200017929077,0.5566200017929077
A-2756,3-[ethyl[4-[(4-nitrophenyl)azo]phenyl]amino]propiononitrile,"InChI=1S/C17H17N5O2/c1-2-21(13-3-12-18)16-8-4-14(5-9-16)19-20-15-6-10-17(11-7-15)22(23)24/h4-11H,2-3,13H2,1H3",ZSPPPAFDNHYXNW-UHFFFAOYSA-N,CCN(CCC#N)c1ccc(cc1)N=Nc2ccc(cc2)[N+]([O-])=O,-7.208650928200001,0.0,1,G1,323.35600000000005,4.750180000000004,91.83140000000006,24.0,6.0,0.0,7.0,7.0,122.0,2.0,0.0,0.0,2.0,94.89,139.56537481620504,2.048173162326947,748.0455238581047,CCN(CCC#N)c1ccc(N=Nc2ccc([N+](=O)[O-])cc2)cc1,-7.208651065826416,-4.526153564453125,-2.682497501373291,2.682497501373291
B-1921,azinphos ethyl,"InChI=1S/C12H16N3O3PS2/c1-3-17-19(20,18-4-2)21-9-15-12(16)10-7-5-6-8-11(10)13-14-15/h5-8H,3-4,9H2,1-2H3",RQVGAIADHNPSME-UHFFFAOYSA-N,CCO[P](=S)(OCC)SCN1N=Nc2ccccc2C1=O,-4.5171,0.0,1,G1,345.38600000000014,2.7797000000000014,88.92600000000004,21.0,8.0,0.0,9.0,7.0,114.0,2.0,0.0,0.0,2.0,66.24000000000001,131.29716584208654,2.217786045580062,712.2050233315528,CCOP(=S)(OCC)SCn1nnc2ccccc2c1=O,-4.517099857330322,-4.1201276779174805,-0.3969721794128418,0.3969721794128418
B-1842,"1-naphthalenecarboxylic acid, 2-hydroxy-","InChI=1S/C11H8O3/c12-9-6-5-7-3-1-2-4-8(7)10(9)11(13)14/h1-6,12H,(H,13,14)",UPHOPMSGKZNELG-UHFFFAOYSA-N,OC(=O)c1c(O)ccc2ccccc12,-3.1284,0.0,1,G1,188.182,2.2436,52.57210000000002,14.0,2.0,2.0,3.0,1.0,70.0,2.0,0.0,0.0,2.0,57.53,80.22799937006457,2.8951601769882984,502.858845345137,O=C(O)c1c(O)ccc2ccccc12,-3.1284000873565674,-2.272534132003784,-0.8558659553527832,0.8558659553527832
A-2526,"Alcohols, C12-15-branched and linear","InChI=1S/C12H26O/c1-3-5-6-9-12(8-4-2)10-7-11-13/h12-13H,3-11H2,1-2H3/t12-/m0/s1",YJIYBYOWBOONOU-LBPRGKRZSA-N,CCCCC[C@H](CCC)CCCO,-5.1563604082,0.1054266826500001,2,G3,186.339,3.7555000000000014,58.859800000000064,13.0,1.0,1.0,1.0,9.0,80.0,0.0,0.0,0.0,0.0,20.23,83.54784803838827,3.4112785095331315,91.12526634448808,CCCCC[C@H](CCC)CCCO,-5.156360626220703,-2.831188678741455,-2.325171947479248,2.325171947479248
B-3478,imazosulfuron,"InChI=1S/C14H13ClN6O5S/c1-25-9-7-10(26-2)18-13(17-9)19-14(22)20-27(23,24)12-11(15)16-8-5-3-4-6-21(8)12/h3-7H,1-2H3,(H2,17,18,19,20,22)",NAGRVUXEKKZNHT-UHFFFAOYSA-N,COc1cc(OC)nc(NC(=O)N[S](=O)(=O)c2n3ccccc3nc2Cl)n1,-4.7886,0.0,1,G1,412.81500000000017,1.3052999999999997,94.67820000000005,27.0,9.0,2.0,13.0,5.0,142.0,3.0,0.0,0.0,3.0,136.81,157.9128070523731,1.857720534993448,1094.1334223986282,COc1cc(OC)nc(NC(=O)NS(=O)(=O)c2c(Cl)nc3ccccn23)n1,-4.788599967956543,-5.643589973449707,0.8549900054931641,0.8549900054931641
B-2533,"l-alanine, n-(aminocarbonyl)-","InChI=1S/C4H8N2O3/c1-2(3(7)8)6-4(5)9/h2H,1H3,(H,7,8)(H3,5,6,9)/p-1/t2-/m0/s1",LUSWEUMSEVLFEQ-REOHCLBHSA-M,C[C@H](NC(N)=O)C([O-])=O,-0.9656,0.0,1,G1,131.111,-2.206899999999999,27.1881,9.0,3.0,2.0,5.0,2.0,52.0,0.0,0.0,0.0,0.0,95.25,51.84110820392368,3.632432151939845,133.77443751081734,C[C@H](NC(N)=O)C(=O)[O-],-0.9656000137329102,-1.0876106023788452,0.122010588645935,0.122010588645935
B-3594,ethylanthracene,"InChI=1S/C16H14/c1-2-12-7-8-15-10-13-5-3-4-6-14(13)11-16(15)9-12/h3-11H,2H2,1H3",ZXAGXLDEMUNQSH-UHFFFAOYSA-N,CCc1ccc2cc3ccccc3cc2c1,-6.8863,0.0,1,G1,206.288,4.555400000000003,70.83200000000002,16.0,0.0,0.0,0.0,1.0,78.0,3.0,0.0,0.0,3.0,0.0,95.5246164117606,2.3730589868180383,650.3073637557608,CCc1ccc2cc3ccccc3cc2c1,-6.886300086975098,-5.563821792602539,-1.3224782943725586,1.3224782943725586
B-3172,"dl-alanine, n-[(ethylthio)thioxomethyl]-","InChI=1S/C6H11NO2S2/c1-3-11-6(10)7-4(2)5(8)9/h4H,3H2,1-2H3,(H,7,10)(H,8,9)",WCIZDTOYENGUEG-UHFFFAOYSA-N,CCSC(=S)NC(C)C(O)=O,-1.2343,0.0,1,G1,193.293,1.0871,50.96350000000002,11.0,3.0,2.0,5.0,3.0,64.0,0.0,0.0,0.0,0.0,49.33,75.55146990823054,3.6598886651041695,160.66127285260652,CCSC(=S)NC(C)C(=O)O,-1.2343000173568726,-0.8290166854858398,-0.4052833318710327,0.4052833318710327
B-1989,"1-naphthalenecarboxylic acid, 3,4-dihydro-","InChI=1S/C11H10O2/c12-11(13)10-7-3-5-8-4-1-2-6-9(8)10/h1-2,4,6-7H,3,5H2,(H,12,13)",JNPFDSPGHQBUPF-UHFFFAOYSA-N,OC(=O)C1=CCCc2ccccc12,-2.7939,0.0,1,G1,174.199,2.1008,50.37580000000003,13.0,1.0,1.0,2.0,1.0,66.0,1.0,0.0,1.0,2.0,37.3,76.51643535800629,2.5325224086759315,377.4315981994466,O=C(O)C1=CCCc2ccccc21,-2.7939000129699707,-1.5579864978790283,-1.2359135150909424,1.2359135150909424
A-1686,"N,N-dimethylaniline","InChI=1S/C8H11N/c1-9(2)8-6-4-3-5-7-8/h3-7H,1-2H3",JLTDJTHDQAWBAV-UHFFFAOYSA-N,CN(C)c1ccccc1,-1.9220736974,0.0410933781,2,G3,121.18299999999996,1.7526,40.76900000000003,9.0,1.0,0.0,1.0,1.0,48.0,1.0,0.0,0.0,1.0,3.24,55.92112101849355,2.848234050597752,167.1823264341432,CN(C)c1ccccc1,-1.9220737218856807,-1.4915462732315063,-0.4305274486541748,0.4305274486541748
A-4526,N-ethylethanamine,"InChI=1S/C4H11N/c1-3-5-4-2/h5H,3-4H2,1-2H3",HPNMFZURTQLUMO-UHFFFAOYSA-N,CCNCC,1.1358509819,0.0,1,G1,73.139,0.6157999999999999,24.217699999999997,5.0,1.0,1.0,1.0,2.0,32.0,0.0,0.0,0.0,0.0,12.03,33.383939554627425,2.19060968716425,11.119415478763749,CCNCC,1.13585102558136,-0.0977540016174316,1.2336050271987915,1.2336050271987915
F-803,3-ethoxy-4-nitro-1-propan-2-yl-5H-pyrrol-2-one,"InChI=1S/C9H14N2O4/c1-4-15-8-7(11(13)14)5-10(6(2)3)9(8)12/h6H,4-5H2,1-3H3",ZCINFQNVNLHJOV-UHFFFAOYSA-N,CCOC1=C(CN(C1=O)C(C)C)[N+](=O)[O-],-4.33,0.0,1,G1,214.221,0.7617999999999998,52.49540000000002,15.0,4.0,0.0,6.0,4.0,84.0,0.0,0.0,1.0,1.0,72.67999999999998,87.65123047954272,2.9699207229249414,322.0740339211469,CCOC1=C([N+](=O)[O-])CN(C(C)C)C1=O,-4.329999923706055,-1.7721590995788574,-2.5578408241271973,2.5578408241271973
A-4835,3-methyl-5-phenylpentan-1-ol,"InChI=1S/C12H18O/c1-11(9-10-13)7-8-12-5-3-2-4-6-12/h2-6,11,13H,7-10H2,1H3",OXYRENDGHPGWKV-UHFFFAOYSA-N,CC(CCO)CCc1ccccc1,-2.6600258381,0.0,1,G1,178.275,2.6377000000000006,55.629800000000046,13.0,1.0,1.0,1.0,5.0,72.0,1.0,0.0,0.0,1.0,20.23,80.41528955807264,2.2668818143040608,217.8259028288588,CC(CCO)CCc1ccccc1,-2.6600258350372314,-2.320924758911133,-0.3391010761260986,0.3391010761260986
C-2397,danofloxacin,"InChI=1S/C19H20FN3O3/c1-21-7-12-4-11(21)8-22(12)17-6-16-13(5-15(17)20)18(24)14(19(25)26)9-23(16)10-2-3-10/h5-6,9-12H,2-4,7-8H2,1H3,(H,25,26)",QMLVECGLEOSESV-UHFFFAOYSA-N,CN1CC2CC1CN2C3=CC4=C(C=C3F)C(=O)C(=CN4C5CC5)C(O)=O,-2.9,0.0,1,G1,357.38500000000016,2.0664,95.56530000000004,26.0,5.0,1.0,7.0,3.0,136.0,2.0,3.0,3.0,5.0,65.78,148.9770954977689,1.695834550381214,995.6674022756122,CN1CC2CC1CN2c1cc2c(cc1F)c(=O)c(C(=O)O)cn2C1CC1,-2.900000095367432,-2.496867179870605,-0.4031329154968261,0.4031329154968261
F-834,"1-[(4-chlorophenyl)methyl]-5-fluoropyrimidine-2,4-dione","InChI=1S/C11H8ClFN2O2/c12-8-3-1-7(2-4-8)5-15-6-9(13)10(16)14-11(15)17/h1-4,6H,5H2,(H,14,16,17)",FWLNZTGNVCRKCU-UHFFFAOYSA-N,O=C1NC(=O)N(CC2=CC=C(Cl)C=C2)C=C1F,-3.49,0.0,1,G1,254.648,1.3774,61.83470000000001,17.0,3.0,1.0,6.0,2.0,88.0,2.0,0.0,0.0,2.0,54.86,100.2945527183414,2.363540419335312,645.7563863780083,O=c1[nH]c(=O)n(Cc2ccc(Cl)cc2)cc1F,-3.490000009536743,-3.086788892745972,-0.4032111167907715,0.4032111167907715
C-2255,"2,3',4,4',6-pentachlorodiphenyl  ether",InChI=1S/C12H5Cl5O/c13-6-3-10(16)12(11(17)4-6)18-7-1-2-8(14)9(15)5-7/h1-5H,POOXVKSDWCXIBU-UHFFFAOYSA-N,ClC1=CC(=C(OC2=CC=C(Cl)C(=C2)Cl)C(=C1)Cl)Cl,-7.62,0.0,1,G1,342.4360000000001,6.745900000000002,78.00800000000002,18.0,1.0,0.0,6.0,2.0,94.0,2.0,0.0,0.0,2.0,9.23,129.11837368947624,2.3666323735966874,574.0119082804619,Clc1cc(Cl)c(Oc2ccc(Cl)c(Cl)c2)c(Cl)c1,-7.619999885559082,-6.871304988861084,-0.748694896697998,0.748694896697998
A-5803,"3-ethoxy-1,1,1,2,3,4,4,5,5,6,6,6-dodecafluoro-2-(trifluoromethyl)hexane","InChI=1S/C9H5F15O/c1-2-25-6(15,3(10,7(16,17)18)8(19,20)21)4(11,12)5(13,14)9(22,23)24/h2H2,1H3",HHBBIOLEJRWIGU-UHFFFAOYSA-N,CCOC(F)(C(F)(F)C(F)(F)C(F)(F)F)C(F)(C(F)(F)F)C(F)(F)F,-7.2887340171,0.1022639812500001,2,G3,414.108,5.354500000000002,47.36299999999999,25.0,1.0,0.0,16.0,5.0,152.0,0.0,0.0,0.0,0.0,9.23,127.2553642164028,6.978596885547921,456.86437822436096,CCOC(F)(C(F)(F)C(F)(F)C(F)(F)F)C(F)(C(F)(F)F)C(F)(F)F,-7.288733959197998,-5.52250862121582,-1.7662253379821775,1.7662253379821775
D-1995,"2,2-diethyl-1-pentanol","InChI=1S/C9H20O/c1-4-7-9(5-2,6-3)8-10/h10H,4-8H2,1-3H3",PHSORZZLPKIHMG-UHFFFAOYSA-N,CCCC(CC)(CC)CO,-2.419,0.0,1,G1,144.25799999999998,2.5852000000000017,45.00880000000002,10.0,1.0,1.0,1.0,5.0,62.0,0.0,0.0,0.0,0.0,20.23,64.45302169519842,3.874774963120476,66.53278903942294,CCCC(CC)(CC)CO,-2.4189999103546143,-1.7389402389526367,-0.6800596714019775,0.6800596714019775
A-1617,"2,3,4,5,6,7-hexahydro-1H-isoindole-1,3-dione","InChI=1S/C8H9NO2/c10-7-5-3-1-2-4-6(5)8(11)9-7/h1-4H2,(H,9,10,11)",AFJWMGOTLUUGHF-UHFFFAOYSA-N,O=C1NC(=O)C2=C1CCCC2,-1.974517726,0.0,1,G1,151.16499999999996,0.5133999999999999,38.64370000000002,11.0,2.0,1.0,3.0,0.0,58.0,0.0,0.0,2.0,2.0,46.17,64.46548687305867,2.399261940825008,239.26562344023608,O=C1NC(=O)C2=C1CCCC2,-1.9745177030563357,-0.7896244525909424,-1.184893250465393,1.184893250465393
E-809,m-Aminoacetophenone,"InChI=1S/C8H9NO/c1-6(10)7-3-2-4-8(9)5-7/h2-5H,9H2,1H3",CKQHAYFOPRIUOM-UHFFFAOYSA-N,c1ccc(N)cc1C(=O)C,-1.28,0.1915716779,2,G3,135.166,1.4714,40.85890000000001,10.0,2.0,1.0,2.0,1.0,52.0,1.0,0.0,0.0,1.0,43.09,59.66270014534666,3.0698992657592745,255.18943338088383,CC(=O)c1cccc(N)c1,-1.2799999713897705,-1.156147003173828,-0.1238529682159423,0.1238529682159423
G-515,"cis-1,2-Dimethylcyclohexane","InChI=1S/C8H16/c1-7-5-3-4-6-8(7)2/h7-8H,3-6H2,1-2H3",KVZJLSYJROEPSQ-UHFFFAOYSA-N,C/C1CCCCC1\C,-4.3,0.0237234529995578,3,G5,112.216,2.832600000000001,36.79599999999999,8.0,0.0,0.0,0.0,0.0,48.0,0.0,1.0,1.0,1.0,0.0,52.28801467507656,2.2794002709583667,56.43856189774725,CC1CCCCC1C,-4.300000190734863,-4.061513900756836,-0.2384862899780273,0.2384862899780273
B-1504,o-chloroanisole,"InChI=1S/C7H7ClO/c1-9-7-5-3-2-4-6(7)8/h2-5H,1H3",QGRPVMLBTFGQDQ-UHFFFAOYSA-N,COc1ccccc1Cl,-2.4639,0.0,1,G1,142.58499999999995,2.3486,38.00400000000001,9.0,1.0,0.0,2.0,1.0,48.0,1.0,0.0,0.0,1.0,9.23,59.21315669028213,3.0065240073265844,197.86256853719755,COc1ccccc1Cl,-2.463900089263916,-1.926081895828247,-0.537818193435669,0.537818193435669
B-831,"1-hexanamine, n-hexyl-","InChI=1S/C12H27N/c1-3-5-7-9-11-13-12-10-8-6-4-2/h13H,3-12H2,1-2H3",PXSXRABJBXYMFT-UHFFFAOYSA-N,CCCCCCNCCCCCC,-3.1574,0.0,1,G1,185.355,3.736600000000003,61.15370000000007,13.0,1.0,1.0,1.0,10.0,80.0,0.0,0.0,0.0,0.0,12.03,84.3034764698003,2.758149818433293,71.19366193720087,CCCCCCNCCCCCC,-3.157399892807007,-4.056311130523682,0.8989112377166748,0.8989112377166748
C-1778,"2-hydroxyisophthalic acid; 2-hydroxy-1,3-benzenedicarboxylic acid","InChI=1S/C8H6O5/c9-6-4(7(10)11)2-1-3-5(6)8(12)13/h1-3,9H,(H,10,11)(H,12,13)",WVDGHGISNBRCAO-UHFFFAOYSA-N,OC(=O)C1=C(O)C(=CC=C1)C(O)=O,-2.11,0.0,1,G1,182.131,0.7886,42.02540000000001,13.0,3.0,3.0,5.0,2.0,68.0,1.0,0.0,0.0,1.0,94.83,72.86703280496576,3.3454419708109926,336.54717755428595,O=C(O)c1cccc(C(=O)O)c1O,-2.109999895095825,-2.1307382583618164,0.0207383632659912,0.0207383632659912
B-2237,"dl-aspartic acid, n,n-bis(2-cyanoethyl)-","InChI=1S/C10H13N3O4/c11-3-1-5-13(6-2-4-12)8(10(16)17)7-9(14)15/h8H,1-2,5-7H2,(H,14,15)(H,16,17)",GNVTYGNEZLLRIK-UHFFFAOYSA-N,OC(=O)CC(N(CCC#N)CCC#N)C(O)=O,-1.5337,0.0,1,G1,239.231,0.0436600000000002,55.709600000000016,17.0,5.0,2.0,7.0,8.0,92.0,0.0,0.0,0.0,0.0,125.42000000000002,98.4802347950194,4.675980003222201,337.54296102771235,N#CCCN(CCC#N)C(CC(=O)O)C(=O)O,-1.5336999893188477,-0.5871143341064453,-0.9465856552124025,0.9465856552124025
B-942,"azuleno[6,5-b]furan-2,6-(3h,4h)-dione, 3a,7,7a,8","InChI=1S/C15H20O4/c1-6-4-11-13(8(3)15(18)19-11)14(17)12-7(2)10(16)5-9(6)12/h6,8-9,11,13-14,17H,4-5H2,1-3H3/t6-,8-,9+,11+,13+,14+/m0/s1",BFWXQSLJSDLIAA-GSGOXJSYSA-N,C[C@H]1C[C@H]2OC(=O)[C@@H](C)[C@H]2[C@H](O)C3=C(C)C(=O)C[C@H]13,-1.945,0.0,1,G1,264.321,1.4703,68.13580000000003,19.0,4.0,1.0,4.0,0.0,104.0,0.0,2.0,3.0,3.0,63.6,112.37216731840056,2.0519233414309705,478.5372462613826,CC1=C2[C@@H](O)[C@@H]3[C@H](C)C(=O)O[C@@H]3C[C@H](C)[C@H]2CC1=O,-1.9450000524520876,-1.985395431518555,0.0403953790664672,0.0403953790664672
A-3544,"2-methylbenzene-1,4-diamine; sulfuric acid","InChI=1S/C7H10N2.H2O4S/c1-5-4-6(8)2-3-7(5)9;1-5(2,3)4/h2-4H,8-9H2,1H3;(H2,1,2,3,4)",KZTWOUOZKZQDMN-UHFFFAOYSA-N,Cc1cc(N)ccc1N.O[S](O)(=O)=O,-1.641347932,0.0,1,G1,220.25000000000003,0.5066200000000003,54.1812,14.0,4.0,4.0,7.0,0.0,80.0,1.0,0.0,0.0,1.0,126.64,82.11383141974287,2.917777714029632e-07,394.1508637469252,Cc1cc(N)ccc1N.O=S(=O)(O)O,-1.641347885131836,-0.9458770751953124,-0.6954708099365234,0.6954708099365234
A-3348,1H-imidazole,"InChI=1S/C3H4N2/c1-2-5-3-4-1/h1-3H,(H,4,5)",RAXXELZNTBOGNW-UHFFFAOYSA-N,[nH]1ccnc1,0.9683905422,0.0100549092,2,G3,68.079,0.4097,18.587699999999995,5.0,1.0,1.0,2.0,0.0,26.0,1.0,0.0,0.0,1.0,28.68,29.86021152145777,3.1250000000000004,61.369930610534254,c1c[nH]cn1,0.9683905243873596,-2.233609676361084,3.202000200748444,3.202000200748444
C-2262,"2,3,4,4',6-pentachlorodiphenyl  ether",InChI=1S/C12H5Cl5O/c13-6-1-3-7(4-2-6)18-12-9(15)5-8(14)10(16)11(12)17/h1-5H,LUNNFBBTEHRYMW-UHFFFAOYSA-N,ClC1=CC=C(OC2=C(Cl)C(=C(Cl)C=C2Cl)Cl)C=C1,-7.77,0.0,1,G1,342.43599999999986,6.745900000000002,78.00800000000002,18.0,1.0,0.0,6.0,2.0,94.0,2.0,0.0,0.0,2.0,9.23,129.11837368947624,2.4017673566009763,580.0119082804619,Clc1ccc(Oc2c(Cl)cc(Cl)c(Cl)c2Cl)cc1,-7.769999980926514,-7.121309757232666,-0.6486902236938477,0.6486902236938477
A-3835,potassium 3-(acryloyloxy)propane-1-sulfonate,"InChI=1S/C6H10O5S.K/c1-2-6(7)11-4-3-5-12(8,9)10;/h2H,1,3-5H2,(H,8,9,10);/q;+1/p-1",VSFOXJWBPGONDR-UHFFFAOYSA-M,[K+].[O-][S](=O)(=O)CCCOC(=O)C=C,1.1562683245,0.0,1,G1,232.298,-3.345099999999997,40.33720000000001,13.0,5.0,0.0,7.0,5.0,70.0,0.0,0.0,0.0,0.0,83.5,119.7006266025822,0.0,258.1981764922963,C=CC(=O)OCCCS(=O)(=O)[O-].[K+],1.1562683582305908,-0.2048008441925048,1.3610692024230957,1.3610692024230957
A-2088,"3,3,4,4,5,5,6,6,7,7,8,8,8-tridecafluorooctyl prop-2-enoate 3,3,4,4,5,5,6,6,7,7,8,8,9,9,10,10,10-heptadecafluorodecyl prop-2-enoate 3,3,4,4,5,5,6,6,7,7,8,8,9,9,10,10,11,11,12,12,12-henicosafluorododecyl prop-2-enoate 3,3,4,4,5,5,6,6,7,7,8,8,9,9,10,10,11,11,12,12,13,13,14,14,14-pentacosafluorotetradecyl prop-2-enoate","InChI=1S/C17H7F25O2.C15H7F21O2.C13H7F17O2.C11H7F13O2/c1-2-5(43)44-4-3-6(18,19)7(20,21)8(22,23)9(24,25)10(26,27)11(28,29)12(30,31)13(32,33)14(34,35)15(36,37)16(38,39)17(40,41)42;1-2-5(37)38-4-3-6(16,17)7(18,19)8(20,21)9(22,23)10(24,25)11(26,27)12(28,29)13(30,31)14(32,33)15(34,35)36;1-2-5(31)32-4-3-6(14,15)7(16,17)8(18,19)9(20,21)10(22,23)11(24,25)12(26,27)13(28,29)30;1-2-5(25)26-4-3-6(12,13)7(14,15)8(16,17)9(18,19)10(20,21)11(22,23)24/h2H,1,3-4H2;2H,1,3-4H2;2H,1,3-4H2;2H,1,3-4H2",HXKIEMJEEMWSAX-UHFFFAOYSA-N,FC(F)(F)C(F)(F)C(F)(F)C(F)(F)C(F)(F)C(F)(F)CCOC(=O)C=C.FC(F)(F)C(F)(F)C(F)(F)C(F)(F)C(F)(F)C(F)(F)C(F)(F)C(F)(F)CCOC(=O)C=C.FC(F)(F)C(F)(F)C(F)(F)C(F)(F)C(F)(F)C(F)(F)C(F)(F)C(F)(F)C(F)(F)C(F)(F)CCOC(=O)C=C.FC(F)(F)C(F)(F)C(F)(F)C(F)(F)C(F)(F)C(F)(F)C(F)(F)C(F)(F)C(F)(F)C(F)(F)C(F)(F)C(F)(F)CCOC(=O)C=C,-6.4814770267,0.0,1,G1,2272.6800000000007,27.00160000000004,285.6160000000005,140.0,8.0,0.0,84.0,44.0,832.0,0.0,0.0,0.0,0.0,105.20000000000002,712.7511085920886,-8.955579742443009e-07,4231.446250719309,C=CC(=O)OCCC(F)(F)C(F)(F)C(F)(F)C(F)(F)C(F)(F)C(F)(F)C(F)(F)C(F)(F)C(F)(F)C(F)(F)C(F)(F)C(F)(F)F.C=CC(=O)OCCC(F)(F)C(F)(F)C(F)(F)C(F)(F)C(F)(F)C(F)(F)C(F)(F)C(F)(F)C(F)(F)C(F)(F)F.C=CC(=O)OCCC(F)(F)C(F)(F)C(F)(F)C(F)(F)C(F)(F)C(F)(F)C(F)(F)C(F)(F)F.C=CC(=O)OCCC(F)(F)C(F)(F)C(F)(F)C(F)(F)C(F)(F)C(F)(F)F,-6.4814772605896,-7.826015472412109,1.3445382118225098,1.3445382118225098
A-3374,"1,4-bis({3-[2-(2-hydroxyethoxy)ethoxy]propyl}amino)-9,10-dihydroanthracene-9,10-dione","InChI=1S/C28H38N2O8/c31-11-15-37-19-17-35-13-3-9-29-23-7-8-24(30-10-4-14-36-18-20-38-16-12-32)26-25(23)27(33)21-5-1-2-6-22(21)28(26)34/h1-2,5-8,29-32H,3-4,9-20H2",FRFQXYOWMSJIJR-UHFFFAOYSA-N,OCCOCCOCCCNc1ccc(NCCCOCCOCCO)c2C(=O)c3ccccc3C(=O)c12,0.0571886956,0.10901466305,2,G3,530.6180000000004,2.116999999999999,143.4099999999999,38.0,10.0,4.0,10.0,20.0,208.0,2.0,0.0,1.0,3.0,135.58,222.78715699210068,1.5956925264360755,949.9083655277408,O=C1c2ccccc2C(=O)c2c(NCCCOCCOCCO)ccc(NCCCOCCOCCO)c21,0.0571886971592903,-3.7915096282958975,3.8486983254551888,3.8486983254551888
C-1909,2-benzoyloxy-(n-cyclohexyl)acetamide;  n-cyclohexyl-2-benzoyloxyacetamide,"InChI=1S/C15H19NO3/c17-14(16-13-9-5-2-6-10-13)11-19-15(18)12-7-3-1-4-8-12/h1,3-4,7-8,13H,2,5-6,9-11H2,(H,16,17)",DQMPCJPRPFRUIT-UHFFFAOYSA-N,O=C(COC(=O)C1=CC=CC=C1)NC2CCCCC2,-3.9,0.0,1,G1,261.321,2.2923,71.74020000000004,19.0,3.0,1.0,4.0,4.0,102.0,1.0,1.0,1.0,2.0,55.40000000000001,112.69650260873966,1.7237555042738857,424.2766440924629,O=C(COC(=O)c1ccccc1)NC1CCCCC1,-3.900000095367432,-3.397463321685791,-0.5025367736816406,0.5025367736816406
B-2162,"propanoic acid, 2-hydroxy-, octyl ester","InChI=1S/C11H22O3/c1-3-4-5-6-7-8-9-14-11(13)10(2)12/h10,12H,3-9H2,1-2H3",SFBIZPBTKROSDE-UHFFFAOYSA-N,CCCCCCCCOC(=O)C(C)O,-1.2726,0.0,1,G1,202.294,2.2709000000000006,56.01580000000005,14.0,3.0,1.0,3.0,8.0,84.0,0.0,0.0,0.0,0.0,46.53,86.45797325354229,3.0958455805317366,143.46807020414428,CCCCCCCCOC(=O)C(C)O,-1.2726000547409058,-2.803494930267334,1.5308948755264282,1.5308948755264282
B-4236,buturon,"InChI=1S/C12H13ClN2O/c1-4-9(2)15(3)12(16)14-11-7-5-10(13)6-8-11/h1,5-9H,2-3H3,(H,14,16)",BYYMILHAKOURNM-UHFFFAOYSA-N,CC(C#C)N(C)C(=O)Nc1ccc(Cl)cc1,-3.8971,0.0,1,G1,236.702,2.825400000000001,66.52870000000003,16.0,1.0,1.0,4.0,2.0,84.0,1.0,0.0,0.0,1.0,32.34,100.39476537847273,2.6484971457097606,408.0220914064312,C#CC(C)N(C)C(=O)Nc1ccc(Cl)cc1,-3.89709997177124,-3.910668611526489,0.013568639755249,0.013568639755249
B-1844,triallate,"InChI=1S/C10H16Cl3NOS/c1-6(2)14(7(3)4)10(15)16-5-8(11)9(12)13/h6-7H,5H2,1-4H3",MWBPRDONLNQCFV-UHFFFAOYSA-N,CC(C)N(C(C)C)C(=O)SCC(Cl)=C(Cl)Cl,-4.8818,0.0,1,G1,304.67,4.843900000000003,74.55000000000003,16.0,2.0,0.0,6.0,4.0,94.0,0.0,0.0,0.0,0.0,20.31,116.28839150147216,4.395102108176326,267.2377071841887,CC(C)N(C(=O)SCC(Cl)=C(Cl)Cl)C(C)C,-4.881800174713135,-4.360020160675049,-0.5217800140380859,0.5217800140380859
C-1524,paclitaxel;  taxol a,"InChI=1S/C47H51NO14/c1-25-31(60-43(56)36(52)35(28-16-10-7-11-17-28)48-41(54)29-18-12-8-13-19-29)23-47(57)40(61-42(55)30-20-14-9-15-21-30)38-45(6,32(51)22-33-46(38,24-58-33)62-27(3)50)39(53)37(59-26(2)49)34(25)44(47,4)5/h7-21,31-33,35-38,40,51-52,57H,22-24H2,1-6H3,(H,48,54)",RCINICONZNJXQF-UHFFFAOYSA-N,CC(=O)OC1C(=O)C2(C)C(O)CC3OCC3(OC(C)=O)C2C(OC(=O)C4=CC=CC=C4)C5(O)CC(OC(=O)C(O)C(NC(=O)C6=CC=CC=C6)C7=CC=CC=C7)C(=C1C5(C)C)C,-6.33,0.0,1,G1,853.9180000000001,3.735700000000003,217.69009999999935,62.0,14.0,4.0,15.0,10.0,328.0,3.0,3.0,4.0,7.0,221.29,357.8854073908184,1.3874476640402014,2280.346269552866,CC(=O)OC1C(=O)C2(C)C(O)CC3OCC3(OC(C)=O)C2C(OC(=O)c2ccccc2)C2(O)CC(OC(=O)C(O)C(NC(=O)c3ccccc3)c3ccccc3)C(C)=C1C2(C)C,-6.329999923706055,-4.503469944000244,-1.8265299797058103,1.8265299797058103
F-998,"ethyl 5-(benzoyl)-2,3-dihydro-1H-pyrrolizine-1-carboxylate","InChI=1S/C17H17NO3/c1-2-21-17(20)13-10-11-18-14(13)8-9-15(18)16(19)12-6-4-3-5-7-12/h3-9,13H,2,10-11H2,1H3",ZXHMVDVCMQIUCB-UHFFFAOYSA-N,CCOC(=O)C1CCN2C(C(=O)C3=CC=CC=C3)=CC=C12,-4.2,0.0,1,G1,283.327,2.7695000000000016,78.29750000000004,21.0,4.0,0.0,4.0,4.0,108.0,2.0,0.0,1.0,3.0,48.3,122.89298231001209,1.8989274763280992,672.5985969920165,CCOC(=O)C1CCn2c(C(=O)c3ccccc3)ccc21,-4.199999809265137,-3.14379358291626,-1.056206226348877,1.056206226348877
C-463,trihexyphenidyl,"InChI=1S/C20H31NO/c22-20(18-10-4-1-5-11-18,19-12-6-2-7-13-19)14-17-21-15-8-3-9-16-21/h1,4-5,10-11,19,22H,2-3,6-9,12-17H2",HWHLPVGTWGOCJO-UHFFFAOYSA-N,OC(CCN1CCCCC1)(C2CCCCC2)C3=CC=CC=C3,-5.2,1.69,2,G2,301.47399999999993,4.330500000000004,91.82180000000008,22.0,2.0,1.0,2.0,5.0,122.0,1.0,2.0,2.0,3.0,23.47,135.08299783639043,1.7265103084694822,434.28028308676033,OC(CCN1CCCCC1)(c1ccccc1)C1CCCCC1,-5.199999809265137,-2.8558425903320312,-2.344157218933105,2.344157218933105
C-662,ethofumesate,"InChI=1S/C13H18O5S/c1-5-16-12-13(2,3)10-8-9(18-19(4,14)15)6-7-11(10)17-12/h6-8,12H,5H2,1-4H3",IRCMYGHHKLLGHV-UHFFFAOYSA-N,CCOC1OC2=CC=C(O[S](C)(=O)=O)C=C2C1(C)C,-3.42,0.1689499999999999,2,G3,286.3490000000001,2.0576,70.98180000000005,19.0,5.0,0.0,6.0,4.0,106.0,1.0,0.0,1.0,2.0,61.83000000000001,113.15520471310924,2.35134855053488,576.6964147011811,CCOC1Oc2ccc(OS(C)(=O)=O)cc2C1(C)C,-3.4200000762939453,-3.329885482788086,-0.0901145935058593,0.0901145935058593
B-800,"2-thiophenepropanoic acid, .alpha.-amino-","InChI=1S/C7H9NO2S/c8-6(7(9)10)4-5-2-1-3-11-5/h1-3,6H,4,8H2,(H,9,10)",WTOFYLAWDLQMBZ-UHFFFAOYSA-N,NC(Cc1sccc1)C(O)=O,-0.8356,0.0,1,G1,171.22099999999998,0.7024999999999999,43.63420000000002,11.0,3.0,2.0,4.0,3.0,60.0,1.0,0.0,0.0,1.0,63.32,68.46223928235078,2.4987607772382447,232.5984295445916,NC(Cc1cccs1)C(=O)O,-0.8356000185012817,-1.189746379852295,0.3541463613510132,0.3541463613510132
B-1665,"piperidine, 3-ethyl-,","InChI=1S/C7H15N/c1-2-7-5-3-4-6-8-7/h7-8H,2-6H2,1H3/t7-/m1/s1",QBBKKFZGCDJDQK-SSDOTTSWSA-N,CC[C@@H]1CCCCN1,-0.3463,0.0,1,G1,113.204,1.5385,35.93269999999999,8.0,1.0,1.0,1.0,1.0,48.0,0.0,1.0,1.0,1.0,12.03,51.472934744288025,2.125016255414672,55.4071655715584,CC[C@@H]1CCCCN1,-0.3463000059127807,-1.5543311834335327,1.208031177520752,1.208031177520752
C-1856,2-aminopurine-6-thione;  thioguanine,"InChI=1S/C5H5N5S/c6-5-9-3-2(4(11)10-5)7-1-8-3/h1H,(H4,6,7,8,9,10,11)",WYWHKKSPHMUBEB-UHFFFAOYSA-N,NC1=NC2=C(N=C[NH]2)C(=S)N1,-3.31,0.0,1,G1,167.197,0.5976899999999998,43.48579999999999,11.0,4.0,3.0,6.0,0.0,56.0,2.0,0.0,0.0,2.0,83.38,66.6798429593036,3.024307136383607,441.3146575841347,Nc1nc2[nH]cnc2c(=S)[nH]1,-3.309999942779541,-2.612884759902954,-0.6971151828765869,0.6971151828765869
B-3392,"butane, 2-chloro-3-methoxy-","InChI=1S/C5H11ClO/c1-4(6)5(2)7-3/h4-5H,1-3H3",RBFOFWDEFDASDA-UHFFFAOYSA-N,COC(C)C(C)Cl,-1.9986,0.0,1,G1,122.595,1.6485999999999998,31.785999999999987,7.0,1.0,0.0,2.0,2.0,44.0,0.0,0.0,0.0,0.0,9.23,49.61583094180454,3.1442082073698243,45.34481288877288,COC(C)C(C)Cl,-1.998600006103516,-1.625542163848877,-0.3730578422546386,0.3730578422546386
A-1866,sodium 6-amino-5-[[2-[(cyclohexylmethylamino)sulphonyl]phenyl]azo]-4-hydroxynaphthalene-2-sulphonate,"InChI=1S/C23H26N4O6S2.Na/c1-27(16-7-3-2-4-8-16)34(29,30)21-10-6-5-9-19(21)25-26-23-18(24)12-11-15-13-17(35(31,32)33)14-20(28)22(15)23;/h5-6,9-14,16,24-26H,2-4,7-8H2,1H3,(H,31,32,33);/q;+1/p-1",LSBJGNGGNXAKCL-UHFFFAOYSA-M,[Na+].CN(C1CCCCC1)[S](=O)(=O)c2ccccc2NNC3=C4C(=O)C=C(C=C4C=CC3=N)[S]([O-])(=O)=O,-2.7116859389,0.0,1,G1,540.5990000000002,-0.6578299999999975,129.78510000000009,36.0,9.0,3.0,13.0,7.0,186.0,1.0,1.0,3.0,4.0,159.56,232.33889215704528,3.609993390704239e-06,1421.805242892964,CN(C1CCCCC1)S(=O)(=O)c1ccccc1NNC1=C2C(=O)C=C(S(=O)(=O)[O-])C=C2C=CC1=N.[Na+],-2.7116858959198,-2.0177955627441406,-0.6938903331756592,0.6938903331756592
A-5831,telluroxocadmium,InChI=1S/Cd.Te,RPPBZEBXAAZZJH-UHFFFAOYSA-N,[Cd]=[Te],-7.1014793549,0.7914012413268205,3,G4,240.012,-0.3833,5.754,2.0,0.0,0.0,2.0,0.0,8.0,0.0,0.0,0.0,0.0,0.0,37.28610594198671,2.0,2.0,[Cd]=[Te],-7.101479530334473,-5.046003341674805,-2.055476188659668,2.055476188659668
E-888,Formetanate,"InChI=1S/C11H15N3O2/c1-12-11(15)16-10-6-4-5-9(7-10)13-8-14(2)3/h4-8H,1-3H3,(H,12,15)",RMFNNCGOSPBBAD-UHFFFAOYSA-N,CNC(=O)Oc1cccc(N=CN(C)C)c1,-2.34,0.3949999999999999,2,G3,221.26,1.6262,63.36470000000004,16.0,3.0,1.0,5.0,3.0,86.0,1.0,0.0,0.0,1.0,53.93,94.73619936070222,2.745753924524217,388.5709943614489,CNC(=O)Oc1cccc(N=CN(C)C)c1,-2.3399999141693115,-0.1504309177398681,-2.189568996429444,2.189568996429444
A-3807,N-propylpropan-1-amine,"InChI=1S/C6H15N/c1-3-5-7-6-4-2/h7H,3-6H2,1-2H3",WEHWNAOGRSTTBQ-UHFFFAOYSA-N,CCCNCCC,-0.461082427,0.1119412135,2,G3,101.193,1.396,33.45169999999999,7.0,1.0,1.0,1.0,4.0,44.0,0.0,0.0,0.0,0.0,12.03,46.11382378342063,2.4474728878763443,23.360990398949923,CCCNCCC,-0.4610824286937713,-1.558529019355774,1.0974465906620026,1.0974465906620026
B-3014,"1(2h)-pyrimidinecarboxamide, 5-fluoro-3,4-dichlo","InChI=1S/C11H8FN3O3/c12-8-6-15(11(18)14-9(8)16)10(17)13-7-4-2-1-3-5-7/h1-6H,(H,13,17)(H,14,16,18)",PXXNTSRWKSCFCK-UHFFFAOYSA-N,FC1=CN(C(=O)NC1=O)C(=O)Nc2ccccc2,-1.6184,0.0,1,G1,249.201,0.7558999999999999,62.13940000000001,18.0,4.0,2.0,7.0,1.0,92.0,2.0,0.0,0.0,2.0,83.96000000000002,99.70267077511154,2.329744483069523,690.669892566019,O=C(Nc1ccccc1)n1cc(F)c(=O)[nH]c1=O,-1.618399977684021,-2.8271799087524414,1.2087799310684204,1.2087799310684204
A-4960,"1-(5,5-dimethylcyclohex-1-en-1-yl)pent-4-en-1-one","InChI=1S/C13H20O/c1-4-5-8-12(14)11-7-6-9-13(2,3)10-11/h4,7H,1,5-6,8-10H2,2-3H3",OEVIJAZJVZDBQL-UHFFFAOYSA-N,CC1(C)CCC=C(C1)C(=O)CCC=C,-3.5342474855000003,0.0,1,G1,192.302,3.6582000000000026,60.15300000000004,14.0,1.0,0.0,1.0,4.0,78.0,0.0,0.0,1.0,1.0,17.07,86.89504128273487,2.5548931602878104,258.40912820819807,C=CCCC(=O)C1=CCCC(C)(C)C1,-3.534247398376465,-2.5281736850738525,-1.0060737133026123,1.0060737133026123
A-5919,1-({[(piperidine-1-carbothioyldisulfanyl)disulfanyl]disulfanyl}methanethioyl)piperidine,InChI=1S/C12H20N2S8/c15-11(13-7-3-1-4-8-13)17-19-21-22-20-18-12(16)14-9-5-2-6-10-14/h1-10H2,HPFHYRNETZEPIV-UHFFFAOYSA-N,S=C(SSSSSSC(=S)N1CCCCC1)N2CCCCC2,-7.6317322062,0.0,1,G1,448.84200000000055,6.502200000000005,121.59000000000005,22.0,8.0,0.0,10.0,5.0,126.0,0.0,2.0,2.0,2.0,6.48,166.71765039789005,1.4635793989904953,321.0354188063897,S=C(SSSSSSC(=S)N1CCCCC1)N1CCCCC1,-7.631731986999512,-6.493637561798096,-1.138094425201416,1.138094425201416
C-1973,"1-[5-(2-chloro-1,1-dimethylethyl)-[1,3,4]thiadiazol-2-yl]-1,3-dimethylurea","InChI=1S/C9H15ClN4OS/c1-9(2,5-10)6-12-13-8(16-6)14(4)7(15)11-3/h5H2,1-4H3,(H,11,15)",IYKPHPWPBFMVHA-UHFFFAOYSA-N,CNC(=O)N(C)C1=NN=C(S1)C(C)(C)CCl,-2.47,0.0,1,G1,262.766,1.8301,66.51370000000003,16.0,4.0,1.0,7.0,3.0,90.0,1.0,0.0,0.0,1.0,58.12000000000001,103.8085949017193,2.90956373710422,379.3408195882881,CNC(=O)N(C)c1nnc(C(C)(C)CCl)s1,-2.470000028610229,-2.805992841720581,0.3359928131103515,0.3359928131103515
A-1383,"1-(3-chloropropyl)-2,3-dihydro-1H-1,3-benzodiazol-2-one","InChI=1S/C10H11ClN2O/c11-6-3-7-13-9-5-2-1-4-8(9)12-10(13)14/h1-2,4-5H,3,6-7H2,(H,12,14)",GUMPYDGUYXOYML-UHFFFAOYSA-N,ClCCCN1C(=O)Nc2ccccc12,-3.0203942687,0.0,1,G1,210.664,1.9585,57.89570000000002,14.0,2.0,1.0,4.0,3.0,74.0,2.0,0.0,0.0,2.0,37.79,86.31146220990358,2.510480458264342,486.07280974079566,O=c1[nH]c2ccccc2n1CCCCl,-3.020394325256348,-3.12395453453064,0.1035602092742919,0.1035602092742919
B-2929,milbemectin a4,"InChI=1S/C32H46O7/c1-6-27-21(4)12-13-31(39-27)17-25-16-24(38-31)11-10-20(3)14-19(2)8-7-9-23-18-36-29-28(33)22(5)15-26(30(34)37-25)32(23,29)35/h7-10,15,19,21,24-29,33,35H,6,11-14,16-18H2,1-5H3/b8-7+,20-10+,23-9+/t19?,21?,24-,25+,26+,27?,28-,29-,31-,32-/m1/s1",VOZIAWLUULBIPN-DFYAAVTESA-N,CCC1O[C@]2(CCC1C)C[C@@H]3C[C@@H](C\C=C(/C)CC(C)/C=C/C=C/4CO[C@@H]5[C@H](O)C(=C[C@@H](C(=O)O3)[C@]45O)C)O2,-4.8772,0.0,1,G1,542.7130000000002,4.924300000000007,147.60159999999988,39.0,7.0,2.0,7.0,1.0,216.0,0.0,3.0,5.0,5.0,94.45,232.46905920020453,1.5098712260051286,1058.7357476848138,CCC1O[C@]2(CCC1C)C[C@@H]1C[C@@H](C/C=C(\C)CC(C)/C=C/C=C3\CO[C@@H]4[C@H](O)C(C)=C[C@@H](C(=O)O1)[C@]34O)O2,-4.877200126647949,-5.622107028961182,0.7449069023132324,0.7449069023132324
A-4826,Neohesperidin dihydrochalone,"InChI=1S/C28H36O15/c1-11-21(34)23(36)25(38)27(40-11)43-26-24(37)22(35)19(10-29)42-28(26)41-13-8-16(32)20(17(33)9-13)14(30)5-3-12-4-6-18(39-2)15(31)7-12/h4,6-9,11,19,21-29,31-38H,3,5,10H2,1-2H3/t11-,19+,21-,22+,23+,24-,25+,26+,27-,28+/m0/s1",ITVGXXMINPYUHD-CUVHLRMHSA-N,COc1ccc(CCC(=O)c2c(O)cc(O[C@@H]3O[C@H](CO)[C@@H](O)[C@H](O)[C@H]3O[C@@H]4O[C@@H](C)[C@H](O)[C@@H](O)[C@H]4O)cc2O)cc1O,-3.1851035311,0.0,1,G1,612.5810000000002,-1.3420000000000003,142.69869999999997,43.0,15.0,9.0,15.0,10.0,238.0,2.0,2.0,2.0,4.0,245.29,245.19326086619049,1.5091044192508425,1247.7097770858572,COc1ccc(CCC(=O)c2c(O)cc(O[C@@H]3O[C@H](CO)[C@@H](O)[C@H](O)[C@H]3O[C@@H]3O[C@@H](C)[C@H](O)[C@@H](O)[C@H]3O)cc2O)cc1O,-3.185103416442871,-2.477940559387207,-0.7071628570556641,0.7071628570556641
F-1,"spiro[5,6-dihydroimidazo[2,3-b][3]benzazepine-11,4'-piperidine]-3-carboxamide","InChI=1S/C17H20N4O/c18-15(22)14-11-20-16-17(6-8-19-9-7-17)13-4-2-1-3-12(13)5-10-21(14)16/h1-4,11,19H,5-10H2,(H2,18,22)",VQWGYPVNVICKFC-UHFFFAOYSA-N,NC(=O)C1=CN=C2N1CCC1=C(C=CC=C1)C21CCNCC1,-2.43,0.0,1,G1,296.374,1.2076,83.77460000000005,22.0,4.0,2.0,5.0,1.0,114.0,2.0,1.0,2.0,4.0,72.94,129.08642680289609,1.9702477989696767,728.0102103648205,NC(=O)c1cnc2n1CCc1ccccc1C21CCNCC1,-2.430000066757202,-2.980560302734375,0.5505602359771729,0.5505602359771729
A-434,4-nonylphenol,"InChI=1S/C15H24O/c1-2-3-4-5-6-7-8-9-14-10-12-15(16)13-11-14/h10-13,16H,2-9H2,1H3",IGFHQQFPSIBGKE-UHFFFAOYSA-N,CCCCCCCCCc1ccc(O)cc1,-4.4980268403,0.0,1,G1,220.356,4.685300000000005,69.80380000000005,16.0,1.0,1.0,1.0,8.0,90.0,1.0,0.0,0.0,1.0,20.23,99.5101159012625,2.005636511455824,263.2683698322741,CCCCCCCCCc1ccc(O)cc1,-4.498026847839356,-3.9299204349517822,-0.5681064128875732,0.5681064128875732
B-573,"hexanedioic acid, bis(2-ethoxyethyl) ester","InChI=1S/C14H26O6/c1-3-17-9-11-19-13(15)7-5-6-8-14(16)20-12-10-18-4-2/h3-12H2,1-2H3",NJEMMCIKSMMBDM-UHFFFAOYSA-N,CCOCCOC(=O)CCCCC(=O)OCCOCC,-2.065,0.0,1,G1,290.356,1.7062,73.37200000000007,20.0,6.0,0.0,6.0,13.0,118.0,0.0,0.0,0.0,0.0,71.06,120.26072363310055,3.3244017748416343,228.0486833279507,CCOCCOC(=O)CCCCC(=O)OCCOCC,-2.065000057220459,-1.912466287612915,-0.1525337696075439,0.1525337696075439
B-2766,"1,1'-biphenyl, 2,2',3,3',4,4',6,6'-octachloro-",InChI=1S/C12H2Cl8/c13-3-1-5(15)9(17)11(19)7(3)8-4(14)2-6(16)10(18)12(8)20/h1-2H,YPDBBDKYNWRFMF-UHFFFAOYSA-N,Clc1cc(Cl)c(c(Cl)c1Cl)c2c(Cl)cc(Cl)c(Cl)c2Cl,-9.1,0.0,1,G1,429.77200000000016,8.580799999999998,91.95799999999998,20.0,0.0,0.0,8.0,1.0,106.0,2.0,0.0,0.0,2.0,0.0,154.9146271406144,2.8959687008302213,646.0791147319976,Clc1cc(Cl)c(-c2c(Cl)cc(Cl)c(Cl)c2Cl)c(Cl)c1Cl,-9.100000381469728,-8.018712043762207,-1.0812883377075195,1.0812883377075195
C-1052,oxytetracycline; terramycin,"InChI=1S/C22H24N2O9/c1-21(32)7-5-4-6-8(25)9(7)15(26)10-12(21)17(28)13-14(24(2)3)16(27)11(20(23)31)19(30)22(13,33)18(10)29/h4-6,12-14,17,25,27-29,32-33H,1-3H3,(H2,23,31)",IWVCMVBTMGNXQD-UHFFFAOYSA-N,CN(C)C1C2C(O)C3C(=C(O)C2(O)C(=O)C(=C1O)C(N)=O)C(=O)C4=C(C=CC=C4O)C3(C)O,-3.15,0.0,1,G1,460.43900000000014,-1.243599999999999,110.9307,33.0,10.0,7.0,11.0,2.0,176.0,1.0,0.0,3.0,4.0,201.85,187.22347060541,2.102541529264826,1182.3066220599726,CN(C)C1C(O)=C(C(N)=O)C(=O)C2(O)C(O)=C3C(=O)c4c(O)cccc4C(C)(O)C3C(O)C12,-3.150000095367432,-2.77791428565979,-0.3720858097076416,0.3720858097076416
B-3109,esfenvalerate,"InChI=1S/C25H22ClNO3/c1-17(2)24(18-11-13-20(26)14-12-18)25(28)30-23(16-27)19-7-6-10-22(15-19)29-21-8-4-3-5-9-21/h3-15,17,23-24H,1-2H3/t23-,24+/m0/s1",NYPJDWWKZLNGGM-BJKOFHAPSA-N,CC(C)[C@@H](C(=O)O[C@@H](C#N)c1cccc(Oc2ccccc2)c1)c3ccc(Cl)cc3,-8.3221,0.0,1,G1,419.908,6.679980000000006,116.43500000000004,30.0,4.0,0.0,5.0,7.0,152.0,3.0,0.0,0.0,3.0,59.32000000000001,181.1846447998092,1.7833639861151818,1026.2643155669198,CC(C)[C@@H](C(=O)O[C@@H](C#N)c1cccc(Oc2ccccc2)c1)c1ccc(Cl)cc1,-8.322099685668945,-6.786929130554199,-1.535170555114746,1.535170555114746
B-4131,benzamide,"InChI=1S/C7H7NO/c8-7(9)6-4-2-1-3-5-6/h1-5H,(H2,8,9)",KXDAEFPNCMNJSK-UHFFFAOYSA-N,NC(=O)c1ccccc1,-0.953,0.0,1,G1,121.13899999999995,0.7855000000000001,34.95990000000001,9.0,1.0,1.0,2.0,1.0,46.0,1.0,0.0,0.0,1.0,43.09,53.29775803095004,2.981454614041131,205.415952604261,NC(=O)c1ccccc1,-0.953000009059906,-1.3042548894882202,0.3512548804283142,0.3512548804283142
C-1642,tybamate,"InChI=1S/C13H26N2O4/c1-4-6-8-15-12(17)19-10-13(3,7-5-2)9-18-11(14)16/h4-10H2,1-3H3,(H2,14,16)(H,15,17)",PRBORDFJHHAISJ-UHFFFAOYSA-N,CCCCNC(=O)OCC(C)(CCC)COC(N)=O,-2.74,0.0,1,G1,274.361,2.4144,72.80910000000004,19.0,4.0,2.0,6.0,9.0,112.0,0.0,0.0,0.0,0.0,90.65,114.5584439403109,4.1040463281264055,283.8167820548198,CCCCNC(=O)OCC(C)(CCC)COC(N)=O,-2.740000009536743,-2.3563787937164307,-0.3836212158203125,0.3836212158203125
A-5488,pentaaluminium triyttrium dodecaoxide,InChI=1S/Al.3O.Y/q+3;3*-2;+3,JNDMLEXHDPKVFC-UHFFFAOYSA-N,[O--].[O--].[O--].[Al+3].[Y+3],-4.2145392055,0.0,1,G1,163.885,-0.7397,7.813499999999999,5.0,0.0,0.0,5.0,0.0,24.0,0.0,0.0,0.0,0.0,85.5,66.0679134164791,-0.0,6.854752972273345,[Al+3].[O-2].[O-2].[O-2].[Y+3],-4.214539051055908,-6.720067977905273,2.505528926849365,2.505528926849365
A-3159,(3-chloro-2-hydroxypropyl)trimethylazanium chloride,"InChI=1S/C6H15ClNO.ClH/c1-8(2,3)5-6(9)4-7;/h6,9H,4-5H2,1-3H3;1H/q+1;/p-1",CSPHGSFZFWKVDL-UHFFFAOYSA-M,[Cl-].C[N+](C)(C)CC(O)CCl,0.6474063078,0.0,1,G1,188.098,-2.703699999999997,39.6262,10.0,1.0,1.0,4.0,3.0,64.0,0.0,0.0,0.0,0.0,20.23,73.78435998823838,0.0,82.3072265502403,C[N+](C)(C)CC(O)CCl.[Cl-],0.647406280040741,0.9382719993591307,-0.2908657193183899,0.2908657193183899
C-1062,probucol,"InChI=1S/C31H48O2S2/c1-27(2,3)21-15-19(32)16-22(28(4,5)6)25(21)34-31(13,14)35-26-23(29(7,8)9)17-20(33)18-24(26)30(10,11)12/h15-18,32-33H,1-14H3",HMMITNDFMJJHJS-UHFFFAOYSA-N,CC(C)(C)C1=CC(=CC(=C1SC(C)(C)SC2=C(C=C(O)C=C2C(C)(C)C)C(C)(C)C)C(C)(C)C)O,-8.17,0.0,1,G1,516.8570000000004,9.908299999999995,156.80659999999975,35.0,4.0,2.0,4.0,4.0,196.0,2.0,0.0,0.0,2.0,40.46,223.2570850542191,2.7499518057661594,913.6082582149352,CC(C)(Sc1c(C(C)(C)C)cc(O)cc1C(C)(C)C)Sc1c(C(C)(C)C)cc(O)cc1C(C)(C)C,-8.170000076293945,-6.501590728759766,-1.6684093475341797,1.6684093475341797
A-3665,sodium 4-(methoxycarbonyl)phenolate,"InChI=1S/C8H8O3.Na/c1-11-8(10)6-2-4-7(9)5-3-6;/h2-5,9H,1H3;/q;+1/p-1",PESXGULMKCKJCC-UHFFFAOYSA-M,[Na+].COC(=O)c1ccc([O-])cc1,0.3803001877,0.0,1,G1,174.13099999999997,-2.4491999999999985,37.227500000000006,12.0,3.0,0.0,4.0,1.0,58.0,1.0,0.0,0.0,1.0,49.36,92.6439880527488,1.2099997384750588e-06,255.5104122853712,COC(=O)c1ccc([O-])cc1.[Na+],0.3803001940250397,0.0289504528045654,0.3513497412204742,0.3513497412204742
B-2319,"2,3-dichlorobutane","InChI=1S/C4H8Cl2/c1-3(5)4(2)6/h3-4H,1-2H3",RMISVOPUIFJTEO-UHFFFAOYSA-N,CC(Cl)C(C)Cl,-2.3541,0.1729500000000001,2,G3,127.014,2.2410000000000005,30.629999999999992,6.0,0.0,0.0,2.0,1.0,38.0,0.0,0.0,0.0,0.0,0.0,48.440609824782726,2.993497243478473,26.52932501298081,CC(Cl)C(C)Cl,-2.354099988937378,-1.876055598258972,-0.4780443906784057,0.4780443906784057
B-2401,1-amino-2-butanol,"InChI=1S/C4H11NO/c1-2-4(6)3-5/h4,6H,2-3,5H2,1H3",KODLUXHSIZOKTG-UHFFFAOYSA-N,CCC(O)CN,1.0499,0.0,1,G1,89.13800000000002,-0.2839999999999999,25.3522,6.0,2.0,2.0,2.0,2.0,38.0,0.0,0.0,0.0,0.0,46.25,37.968201820228096,2.7541847860376616,26.72905595320056,CCC(O)CN,1.0499000549316406,0.9041342735290528,0.1457657814025879,0.1457657814025879
B-608,2-ethoxyethanol,"InChI=1S/C4H10O2/c1-2-6-4-3-5/h5H,2-4H2,1H3",ZNQVEEAIQZEUHB-UHFFFAOYSA-N,CCOCCO,1.0452,0.0,1,G1,90.122,0.0152,23.578799999999998,6.0,2.0,1.0,2.0,3.0,38.0,0.0,0.0,0.0,0.0,29.46,37.741856352722266,2.3390923149762908,17.509775004326936,CCOCCO,1.045199990272522,0.5229587554931641,0.5222412347793579,0.5222412347793579
A-5094,dibutylbis(dodecylsulfanyl)stannane,"InChI=1S/2C12H26S.2C4H9.Sn/c2*1-2-3-4-5-6-7-8-9-10-11-12-13;2*1-3-4-2;/h2*13H,2-12H2,1H3;2*1,3-4H2,2H3;/q;;;;+2/p-2",FFGHLLOLFQHABK-UHFFFAOYSA-L,CCCCCCCCCCCCS[Sn](CCCC)(CCCC)SCCCCCCCCCCCC,-6.295424349,0.0,1,G1,635.7409999999999,13.336999999999971,173.78799999999956,35.0,2.0,0.0,3.0,30.0,212.0,0.0,0.0,0.0,0.0,0.0,233.82257661650388,4.104982757907561,351.7595056969203,CCCCCCCCCCCCS[Sn](CCCC)(CCCC)SCCCCCCCCCCCC,-6.295424461364746,-5.64332914352417,-0.6520953178405762,0.6520953178405762
B-2601,"4,6-dinitro-biphenyl-3-ol","InChI=1S/C12H8N2O5/c15-12-6-9(8-4-2-1-3-5-8)10(13(16)17)7-11(12)14(18)19/h1-7,15H",XIAPTRBHEBTAOZ-UHFFFAOYSA-N,Oc1cc(c2ccccc2)c(cc1[N+]([O-])=O)[N+]([O-])=O,-4.4611,0.0,1,G1,260.205,2.8756000000000013,66.8516,19.0,5.0,1.0,7.0,3.0,96.0,2.0,0.0,0.0,2.0,106.51,106.5886825227566,2.7092922911430546,654.6693606605909,O=[N+]([O-])c1cc([N+](=O)[O-])c(-c2ccccc2)cc1O,-4.461100101470947,-3.2553529739379883,-1.205747127532959,1.205747127532959
A-178,"4-benzoylbenzene-1,2,3-triol","InChI=1S/C13H10O4/c14-10-7-6-9(12(16)13(10)17)11(15)8-4-2-1-3-5-8/h1-7,14,16-17H",HTQNYBBTZSBWKL-UHFFFAOYSA-N,Oc1ccc(c(O)c1O)C(=O)c2ccccc2,-3.3451078238,0.0,1,G1,230.219,2.0344,61.31090000000003,17.0,4.0,3.0,4.0,2.0,86.0,2.0,0.0,0.0,2.0,77.75999999999998,97.39766279658942,2.4921541356570267,561.1321875173596,O=C(c1ccccc1)c1ccc(O)c(O)c1O,-3.3451077938079834,-3.913360118865967,0.5682523250579834,0.5682523250579834
B-2406,"2-propanol, 1-chloro-, phosphate (3:1)","InChI=1S/C9H18Cl3O4P/c1-7(4-10)14-17(13,15-8(2)5-11)16-9(3)6-12/h7-9H,4-6H2,1-3H3",KVMPUXDNESXNOH-UHFFFAOYSA-N,CC(CCl)O[P](=O)(OC(C)CCl)OC(C)CCl,-2.4361,0.0721392147024194,3,G5,327.572,4.026200000000004,71.40750000000004,17.0,4.0,0.0,8.0,9.0,104.0,0.0,0.0,0.0,0.0,44.76000000000001,117.45883298664312,4.616720085277338,216.35636525754,CC(CCl)OP(=O)(OC(C)CCl)OC(C)CCl,-2.436100006103516,-3.141531229019165,0.7054312229156494,0.7054312229156494
